study_id,cmp_version,cmp_date,crf_system,external_data_sources,num_global_kris_active,num_ss_kris_active,num_qtls_active,kri_analysis_frequency,first_kri_trigger,has_reactogenicity_ediary,has_pk_sampling,has_immunogenicity,has_nasal_swab,has_cssrs,has_epro_instruments,saturday_sunday_flag,pdp_applicable
B7981027,2.0,10-Mar-2026,Inform Volume 2 / Inform Volume 3 / REDCap,"4.1. Scheduled Visits .....................................................................................................7, 4.2. Unscheduled Visits, Technical, and Log Forms ................................................8, 4.3. Remapped Visits ....................................................................................................8, 4.4. Saturday/Sunday ...................................................................................................9, 5. KEY RISK INDICATORS ..................................................................................................10, 5.1. Global Standard KRIs .........................................................................................10, 5.2. Study Specific KRIs .............................................................................................16, 5.2.1. Study Specific KRI 1 - Missed Assessment – C-SSRS ....................17, 5.2.2. Study Specific KRI 2 - Early Termination Rate ..................................18, 5.2.3. Study Specific KRI 3 – Missed Assessment SALT ............................19, 5.2.4. Study Specific KRI 4 – Missed Assessment – PGI-C .......................20, 5.2.5. Study Specific KRI 5 – Missed Assessment – AAPPO ....................21, PFIZER CONFIDENTIAL, TMF Doc ID 928.06, Page 1 of 40, DocUUID : fc6860f7-2e0f-4dba-a1fd-ee8747c9c2f4, CLINICAL AND MEDICAL CONTROLLED DOCUMENT (CMCD), REQUIRED FORM/TEMPLATE, Identifier Version Title, DMB07-DMB08- 2.0 CENTRAL MONITORING PLAN TEMPLATE, WI-CDS01-RF02, 5.2.6. Study Specific KRI 6 – Missed Assessment - PROMIS Anxiety, Symptoms .......................................................................................................22, 5.2.7. Study Specific KRI 7 – Missed Assessment - PROMIS, Depressive Symptoms..................................................................................24",29,10,2,Monthly,"At least 10 unique sites w/ 1+ screened subjects,",FALSE,TRUE,TRUE,FALSE,TRUE,TRUE,Yes,TRUE
B7981032,6.0,21-Oct-2025,Inform Volume 2 / Inform Volume 3 / REDCap,"4.1. Scheduled Visits .....................................................................................................7, 4.2. Unscheduled Visits, Technical, and Log Forms ................................................9, 4.3. Remapped Visits ..................................................................................................10, 4.4. Saturday/Sunday .................................................................................................13, 5. KEY RISK INDICATORS ..................................................................................................14, 5.1. Global Standard KRIs .........................................................................................14, 5.2. Study Specific KRIs .............................................................................................15, 5.2.1. Study Specific KRI 1 ...............................................................................15, 5.2.2. Study Specific KRI 2 ...............................................................................16, 5.2.3. Study Specific KRI 3 ...............................................................................17, 5.2.4. Study Specific KRI 4 ...............................................................................18, 5.2.5. Study Specific KRI 5 ...............................................................................19, 5.2.6. Study Specific KRI 6 ...............................................................................19, 5.2.7 Study Specific KRI 7 ................................................................................21, 6. DATA QUALITY ASSESSMENT (DQA) .........................................................................22, 7. POTENTIAL DUPLICATE PATIENT (PDP) ANALYSIS ...............................................22, PFIZER CONFIDENTIAL, TMF Doc ID 928.06, Page 1 of 27, DocUUID : 96f48e7d-80ea-47bd-81b2-b05c595f60ee, CLINICAL AND MEDICAL CONTROLLED DOCUMENT (CMCD), REQUIRED FORM/TEMPLATE, Identifier Version Title, DMB07-DMB08- 2.0 CENTRAL MONITORING PLAN TEMPLATE, WI-CDS01-RF02",6,7,0,Quarterly,31-Dec-2019,FALSE,FALSE,FALSE,FALSE,FALSE,FALSE,Yes,TRUE
B7981040,4.0,11-Nov-2025,Inform Volume 2 / Inform Volume 3 / REDCap / Other: Refer to DMB07-GSOP-RF27 Data Management Plan Template [TMF,"4.2. Unscheduled Visits, Technical, and Log Forms ........................................................................ 7, 5.2.1. Missed Assessment – F-VASI ................................................................................... 15, 5.2.2. Missed Assessment – T-VASI ................................................................................... 17, 5.2.3. Missed Assessment – PGIS-F ................................................................................... 18, 5.2.4. Missed Assessment – PGIS-V ................................................................................... 19, 5.2.5. Missed Assessment – PGIC-F ................................................................................... 20, 5.2.6. Missed Assessment – PGIC-V ................................................................................... 21, 7. POTENTIAL DUPLICATE PATIENT (PDP) ANALYSIS ....................................................................... 22, PFIZER CONFIDENTIAL, TMF Doc ID 928.06, Page 1 of 34, DDooccUUUUIIDD :: 352e5b2ba6257d56--0cb90698--4431cd4e--b9fbba97-d-b910f1d03c924d336f7f0f2, CLINICAL AND MEDICAL CONTROLLED DOCUMENT (CMCD), REQUIRED FORM/TEMPLATE, Identifier Version Title, DMB07-DMB08- 2.0 CENTRAL MONITORING PLAN TEMPLATE, WI-CDS01-RF02, 7.3. Generic Variables - Standard Variables ................................................................................. 23, 7.5. Standard Filtering Applied to Duplicate Patients Report ......................................................... 24, 8.1. Timing and Frequency of QTL Analysis .................................................................................. 32, Page 2 of 34, 1. CMP DOCUMENT REVISION HISTORY, Document Effective Author Summary of Revisions, Revision Date, 1.0 13-Feb-2023 Shannon Smith Initial version",32,6,5,Monthly,At least 10 unique sites w/ 1+ screened subjects.,FALSE,FALSE,FALSE,FALSE,TRUE,TRUE,Yes,TRUE
B7981041,8.0,18-Dec-2025,Inform Volume 2 / Inform Volume 3 / REDCap,"4.1. Scheduled Visits .....................................................................................................9, 4.2. Unscheduled Visits, Technical, and Log Forms ................................................9, 4.3. Remapped Visits ..................................................................................................10, 4.4. Saturday/Sunday .................................................................................................10, 5. KEY RISK INDICATORS ..................................................................................................11, 5.1. Global Standard KRIs .........................................................................................11, 5.2. Study Specific KRIs .............................................................................................12, 5.2.1. Study Specific KRI 1 - Missed Assessment – F-VASI ......................13, 5.2.2. Study Specific KRI 2 - Missed Assessment – T-VASI ......................14, 5.2.3. Study Specific KRI 3 - Missed Assessment – PGIS-F ......................16, 5.2.4. Study Specific KRI 4 - Missed Assessment – PGIS-V ......................17, 5.2.5. Study Specific KRI 5 - Missed Assessment – PGIC-F ......................19, 5.2.6. Study Specific KRI 6 - Missed Assessment – PGIC-V .....................20, 5.2.7. Study Specific KRI 7 - Missed Assessment – C-SSRS ....................22, 5.2.8. Study Specific KRI 8 – Early Termination Rate .................................23, 5.2.9. Study Specific KRI 9 – Heart Rate and Pulse Discrepancies Rate 24, 6. DATA QUALITY ASSESSMENT (DQA) .........................................................................26, 7. POTENTIAL DUPLICATE PATIENT (PDP) ANALYSIS ...............................................26, 8. QUALITY TOLERANCE LIMIT (QTL) ...........................................................................26, 8.1. Timing and Frequency of QTL Analysis ...........................................................27, 8.2. Sister KRI(s) to Support QTL .............................................................................28, PFIZER CONFIDENTIAL, TMF Doc ID 928.06, Page 2 of 29, DocUUID : 0b3f43cb-ab4a-45fe-9031-2727eeb2f152",6,9,1,Unknown,At least 10 unique sites w/ 1+ screened subjects for KRI; First analysis: 2024-05-21 KRI,FALSE,TRUE,TRUE,FALSE,TRUE,TRUE,Yes,FALSE
B7981080,2.0,24-Feb-2026,Inform Volume 2 / Inform Volume 3 / REDCap,"4.1. Unscheduled Visits, Technical, and Log Forms ................................................9, 4.2. Remapped Visits ....................................................................................................9, 4.3. Saturday/Sunday ...................................................................................................9, 5. KEY RISK INDICATORS ..................................................................................................10, 5.1. Global Standard KRIs .........................................................................................10, 5.2. Study Specific KRIs .............................................................................................15, 5.2.1. Study Specific KRI 1: Dosing eDiary Compliance .............................15, 5.2.2. Study Specific KRI 2: Missed Assessment – F-VASI ........................16, 5.2.3. Study Specific KRI 3: Missed Assessment – T-VASI ........................18, 5.2.4. Study Specific KRI 4: Missed Assessment – PGIC-F .......................19, 5.2.5. Study Specific KRI 5: Missed Assessment – PGIC-V .......................20, 5.2.6. Study Specific KRI 6: Missed Sample Tracking – PK Sampling .....21, 6. DATA QUALITY ASSESSMENT (DQA) .........................................................................22, 7. POTENTIAL DUPLICATE PATIENT (PDP) ANALYSIS ...............................................22, 7.1. Exclusion Criteria .................................................................................................23, PFIZER CONFIDENTIAL, TMF Doc ID 928.06, Page 1 of 52, DocUUID : 6e76ec29-9e91-4f6e-8f2a-d22357da811a, CLINICAL AND MEDICAL CONTROLLED DOCUMENT (CMCD), REQUIRED FORM/TEMPLATE, Identifier Version Title, DMB07-DMB08- 2.0 CENTRAL MONITORING PLAN TEMPLATE, WI-CDS01-RF02, 7.2. Distance Calculations ..........................................................................................23",28,6,8,monthly,At least 10 unique sites w/ 1+ screened subjects for KRI;,FALSE,TRUE,FALSE,FALSE,TRUE,TRUE,Unknown,TRUE
B7981094,7.0,09-Jan-2026,Inform Volume 2 / Inform Volume 3 / REDCap / Other: Refer to DMB07-GSOP-RF27 Data Management Plan Template [TMF,"4.1. Scheduled Visits .....................................................................................................8, 4.2. Unscheduled Visits, Technical, and Log Forms ................................................8, 4.3. Remapped Visits ....................................................................................................9, 4.4. Saturday/Sunday ...................................................................................................9, 5. KEY RISK INDICATORS ..................................................................................................10, 5.1. Global Standard KRIs .........................................................................................10, 5.2. Study Specific KRIs .............................................................................................11, 5.2.1. Study Specific KRI 1: SAE Reporting Timeliness ..............................12, 5.2.2. Study Specific KRI 2: Discontinuation due to Adverse Event ..........13, 5.2.3. Study Specific KRI 3: Early Termination Rate ....................................14, 5.2.4. Study Specific KRI 4: Missed Assessment – PGI-C .........................15, 5.2.5. Study Specific KRI 5: Missed Assessment – P-Sat...........................16, 5.2.6. Study Specific KRI 6: Missed Assessment – SALT...........................17, 5.2.7. Study Specific KRI 7: Missed Assessment – ELA .............................18, 5.2.8. Study Specific KRI 8: Missed Assessment – EBA.............................19, 6. DATA QUALITY ASSESSMENT (DQA) .........................................................................20, 7. POTENTIAL DUPLICATE PATIENT (PDP) ANALYSIS ...............................................20, 7.1. Exclusion Criteria .................................................................................................20, 7.2. Distance Calculations ..........................................................................................21, 7.3. GENERIC VARIABLES - STANDARD VARIABLES ......................................21, 7.4. STUDY-SPECIFIC VARIABLES .......................................................................22, PFIZER CONFIDENTIAL, TMF Doc ID 928.06, Page 2 of 29, DocUUID : 1bce024b-02a4-41b6-8d3f-6feb76ab3172",5,8,0,Monthly,At least 10 unique sites w/ 1+ screened subjects for KRI.,FALSE,FALSE,FALSE,FALSE,FALSE,TRUE,Yes,TRUE
B7981119,1.0,04-Mar-2026,Inform Volume 2 / Inform Volume 3 / REDCap,"4. VISIT SCHEDULE ..................................................................................................... 7, 4.1. Scheduled Visits ............................................................................................ 7, 4.2. Unscheduled Visits, Technical, and Log Forms ........................................... 8, 4.3. Remapped Visits ........................................................................................... 8, 4.4. Saturday/Sunday ........................................................................................... 9, 5. KEY RISK INDICATORS ........................................................................................ 11, 5.1. Global Standard KRIs .................................................................................. 11, 5.2. Study Specific KRIs ..................................................................................... 12, 5.2.1. Study Specific KRI 1 ........................................................................ 13, 5.2.2. Study Specific KRI 2 ........................................................................ 15, 6. DATA QUALITY ASSESSMENT (DQA) ................................................................. 16, 7. POTENTIAL DUPLICATE PATIENT (PDP) ANALYSIS ........................................ 16, 7.1. Exclusion Criteria ......................................................................................... 17, 7.2. Distance Calculations .................................................................................. 17, PFIZER CONFIDENTIAL, TMF Doc ID 928.06, Page 1 of 26, DocUUID : 43ad3e48-d0a6-49e8-8e21-372bf72c9c65, CLINICAL AND MEDICAL CONTROLLED DOCUMENT (CMCD), REQUIRED FORM/TEMPLATE, Identifier Version Title, DMB07-DMB08- 2.0 CENTRAL MONITORING PLAN TEMPLATE, WI-CDS01-RF02, 7.3. Generic Variables - Standard Variables ..................................................... 18, 7.4. Study-Specific Variables ............................................................................. 19",24,3,1,Unknown,At least 10 unique sites w/ 1+ screened subjects,FALSE,FALSE,FALSE,FALSE,TRUE,TRUE,Unknown,TRUE
C1071003,18.0,13-Jan-2026,Inform Volume 2 / Inform Volume 3 / REDCap,"4. VISIT SCHEDULE .............................................................................................................14, 4.1. Scheduled Visits ...................................................................................................14, 4.2. Unscheduled Visits, Technical, and Log Forms ..............................................27, 4.3. Remapped Visits ..................................................................................................28, 4.4. Saturday/Sunday .................................................................................................31, 5. KEY RISK INDICATORS ..................................................................................................32, 5.1. Global Standard KRIs .........................................................................................32, 5.2. Study Specific KRIs .............................................................................................36, 5.2.1. Study Specific KRI 1 .................................................................................36, 5.2.2. Study Specific KRI 2 .................................................................................37, 5.2.3. Study Specific KRI 3 .................................................................................39, 5.2.4. Study Specific KRI 4 - KRI disabled at KRI F/U11 analysis....................41, 5.2.5. Study Specific KRI 5 .................................................................................43, 5.2.6. Study Specific KRI 6 .................................................................................45, 5.2.7. Study Specific KRI 7 – KRI Disabled at KRI F/U11 analysis ..................46, 5.2.8. Study Specific KRI 8 .................................................................................47, PFIZER CONFIDENTIAL, TMF Doc ID 928.06, Page 1 of 70, DocUUID : ee10e30e-e00b-4a26-bc05-ee2ab86a9a7a, CLINICAL AND MEDICAL CONTROLLED DOCUMENT (CMCD), REQUIRED FORM/TEMPLATE, Identifier Version Title, DMB07-DMB08- 2.0 CENTRAL MONITORING PLAN TEMPLATE, WI-CDS01-RF02",14,13,0,ca. (= approximately) Quarterly starting from KRI F/U40,(actual) 06-Sep-2021,FALSE,TRUE,TRUE,FALSE,FALSE,TRUE,Yes,TRUE
C1071005,15.0,09-Jan-2026,Inform Volume 2 / Inform Volume 3 / REDCap,"4.1. Scheduled Visits .....................................................................................................9, 4.2. Unscheduled Visits, Technical, and Log Forms ..............................................21, 4.3. Remapped Visits ..................................................................................................21, 4.4. Saturday/Sunday .................................................................................................24, 5. KEY RISK INDICATORS ..................................................................................................25, 5.1. Global Standard KRIs .........................................................................................25, 5.2. Study Specific KRIs .............................................................................................38, 5.2.1. Study Specific KRI 1 - AE UNDER REPORTING AT CYCLE 3 ...........38, 5.2.2. Study Specific KRI 2 – AE UNDER REPORTING AT CYCLE 6 ..........39, 5.2.3. Study Specific KRI 3 – AE UNDER REPORTING AT CYCLE 12 ........41, 5.2.4. Study Specific KRI 4 – Missing External Labs Items ...............................42, 5.2.5. Study Specific KRI 5 – Rate of Not Done DA Serum Lab Tests ..............44, 5.2.6. Study Specific KRI 6 – Missed Neurological Examination ......................46, 5.2.7. Study Specific KRI 7 – Missed IMWG Response.....................................47, 5.2.8. Study Specific KRI 8 – Patient COVID Infection Rate ............................48, 6. DATA QUALITY ASSESSMENT (DQA) .........................................................................49, 7. POTENTIAL DUPLICATE PATIENT (PDP) ANALYSIS ...............................................50, PFIZER CONFIDENTIAL, TMF Doc ID 928.06, Page 1 of 59, DocUUID : 130e0915-fb6b-44bc-9bc4-b7f54a77a50f, CLINICAL AND MEDICAL CONTROLLED DOCUMENT (CMCD), REQUIRED FORM/TEMPLATE, Identifier Version Title, DMB07-DMB08- 2.0 CENTRAL MONITORING PLAN TEMPLATE",29,8,2,Monthly,and,FALSE,FALSE,TRUE,FALSE,FALSE,TRUE,Yes,TRUE
C1071006,10.0,15-Dec-2025,Inform Volume 2 / Inform Volume 3 / REDCap,"4. VISIT SCHEDULE ..................................................................................................... 7, 4.1. Scheduled Visits ............................................................................................ 7, 4.2. Unscheduled Visits, Technical, and Log Forms ......................................... 17, 4.3. Remapped Visits ......................................................................................... 17, 4.4. Saturday/Sunday ......................................................................................... 19, 5. KEY RISK INDICATORS ........................................................................................ 20, 5.1. Global Standard KRIs .................................................................................. 20, 5.2. Study Specific KRIs ..................................................................................... 24, 5.2.1. Study Specific KRI 1 ........................................................................ 24, 5.2.2. Study Specific KRI 2 ........................................................................ 25, 5.2.3. Study Specific KRI 3 ........................................................................ 26, 5.2.4. Study Specific KRI 4 ........................................................................ 27, 5.2.5. Study Specific KRI 5 ........................................................................ 28, 5.2.6. Study Specific KRI 6 ........................................................................ 29, 5.2.7. Study Specific KRI 7 ........................................................................ 30, 5.2.8. Study Specific KRI 8 ........................................................................ 32, 5.2.9. Study Specific KRI 9 ........................................................................ 33, PFIZER CONFIDENTIAL, TMF Doc ID 928.06, Page 1 of 61, DocUUID : cbe37544-c562-48cf-b2a3-f6c1d56ac495, CLINICAL AND MEDICAL CONTROLLED DOCUMENT (CMCD), REQUIRED FORM/TEMPLATE, Identifier Version Title, DMB07-DMB08- 2.0 CENTRAL MONITORING PLAN TEMPLATE",7,13,3,Monthly,and,FALSE,TRUE,TRUE,FALSE,FALSE,TRUE,Yes,TRUE
C1071007,20.0,23-Jan-2026,Inform Volume 2 / Inform Volume 3 / REDCap,"4. VISIT SCHEDULE .............................................................................................................20, 4.1. Scheduled Visits ...................................................................................................20, 4.2. Unscheduled Visits, Technical, and Log Forms ..............................................32, 4.3. Remapped Visits ..................................................................................................33, 4.4. Saturday/Sunday .................................................................................................37, DocUUID : d7c3b653-775a-4827-bf7e-7f64dbcb354b, CLINICAL AND MEDICAL CONTROLLED DOCUMENT (CMCD), REQUIRED FORM/TEMPLATE, Identifier Version Title, DMB07-DMB08-WI- 2.0 CENTRAL MONITORING PLAN, CDS01-RF02, 5. KEY RISK INDICATORS ..................................................................................................37, 5.1. Global Standard KRIs .........................................................................................37, 5.2. Study Specific KRIs .............................................................................................43, 5.2.1. Study Specific KRI 1- - Missed IMWG Response ..............................43, 5.2.2. Study Specific KRI 2 – RETIRED: Missed Neurological Examinations 44, 5.2.3. Study Specific KRI 3 - Missed Pharmacokinetics Points ..................46, 5.2.4. Study Specific KRI 4 - Missed Immunogenicity – ADA NAB ...........48, 5.2.5. Study Specific KRI 5 - Missed CRS Symptom Occurrence/ Supported Event 49, 5.2.6. Study Specific KRI 6 – RETIRED: Missed VS in Case of CRS .......51, 5.2.7. Study Specific KRI 7 – RETIRED: Missed ICANS AE ......................52, 5.2.9. Study Specific KRI 9 -RETIRED: Adverse Event Reported at Cycle 3 54, 5.2.10. Study Specific KRI 10 – RETIRED: Adverse Event Reported at Cycle 6 55, 5.2.11. Study Specific KRI 11 – RETIRED: Adverse Event Reported at Cycle 12 56, 5.2.12. Study Specific KRI 12 – RETIRED: 0mg Dose Occurrence ..........57",24,8,2,monthly,At least 10 unique sites w/ 1+ screened subjects for KRI.,FALSE,TRUE,TRUE,FALSE,FALSE,TRUE,Yes,TRUE
C1071015,2.0,05-Feb-2026,Inform Volume 2 / Inform Volume 3 / REDCap,"4.1. Scheduled Visits .....................................................................................................3, 4.2. Unscheduled Visits, Technical, and Log Forms ................................................5, 4.3. Remapped Visits ....................................................................................................5, 4.4. Saturday/Sunday ...................................................................................................5, 5. KEY RISK INDICATORS ....................................................................................................6, 5.1. Global Standard KRIs ...........................................................................................6, 5.2. Study Specific KRIs ...............................................................................................8, 5.2.1. Study Specific KRI 1 – Discontinuation due to Adverse Events, (AEs)..................................................................................................................8, 5.2.2. Study Specific KRI 2 – Adverse Event (AE) Data Entry, Timeliness ........................................................................................................9, 5.2.3. Study Specific KRI 3 – Serious Adverse Event (SAE) Latency, Awareness ......................................................................................................10, 5.2.4. Study Specific KRI 4 – Identical Dosing Administration ...................11, 6. DATA QUALITY ASSESSMENT (DQA) .........................................................................12, 7. POTENTIAL DUPLICATE PATIENT (PDP) ANALYSIS ...............................................12, 8. QUALITY TOLERANCE LIMIT (QTL) ...........................................................................12, PFIZER CONFIDENTIAL, TMF Doc ID 928.06, Page 1 of 13, DocUUID : 127027f5-8f66-452f-ba43-a1390155ba4b, CLINICAL AND MEDICAL CONTROLLED DOCUMENT (CMCD), REQUIRED FORM/TEMPLATE, Identifier Version Title, DMB07-DMB08- 2.0 CENTRAL MONITORING PLAN TEMPLATE",7,4,0,Quarterly,At least 10 unique sites w/ 1+ screened subjects for KRI.,FALSE,FALSE,FALSE,FALSE,FALSE,FALSE,Yes,FALSE
C2321003,4.0,12-Sep-2025,Inform Volume 2 / Inform Volume 3 / REDCap,"4.1. Scheduled Visits .....................................................................................................7, 4.2. Unscheduled Visits, Technical, and Log Forms ................................................9, 4.3. Remapped Visits ....................................................................................................9, 4.4. Saturday/Sunday .................................................................................................10, 5. KEY RISK INDICATORS ..................................................................................................11, 5.1. Global Standard KRIs .........................................................................................11, 5.2. Study Specific KRIs .............................................................................................14, 5.2.1. Study Specific KRI 1 - Early Withdrawal Rate ....................................14, 5.2.2. Study Specific KRI 2 - Missed RECIST ...............................................15, 5.2.3. Study Specific KRI 3 - Missed PCWG3 ...............................................16, 5.2.4. Study Specific KRI 4 - Participants with Missed Critical Safety, Labs .................................................................................................................19, 5.2.5. Study Specific KRI 5 - Missed Pharmacokinetics Points ..................21, 5.2.6. Study Specific KRI 6 - Missed Blood collection for ctDNA ...............22, 5.2.7. Study Specific KRI 7 - Early Termination Rate (ETRATE) ...............23, PFIZER CONFIDENTIAL, TMF Doc ID 928.06, Page 1 of 57, DocUUID : b2557f68-0dfc-456b-99ed-e20737aaf477, CLINICAL AND MEDICAL CONTROLLED DOCUMENT (CMCD), REQUIRED FORM/TEMPLATE, Identifier Version Title, DMB07-DMB08- 2.0 CENTRAL MONITORING PLAN TEMPLATE, WI-CDS01-RF02, 5.2.8. Study Specific KRI 8 - AE Entry Timeliness - Last 60 Days",17,10,5,Bi-Monthly,"At least 10 unique sites w/ 1+ screened subjects,",FALSE,TRUE,FALSE,FALSE,FALSE,TRUE,Yes,TRUE
C2321008,2.0,26-Feb-2026,Inform Volume 2 / Inform Volume 3 / REDCap,"4. VISIT SCHEDULE .................................................................................................. 6, 4.1. Scheduled Visits ......................................................................................... 6, 4.2. Unscheduled Visits, Technical, and Log Forms........................................... 8, 4.3. Remapped Visits ......................................................................................... 8, 4.4. Saturday/Sunday ......................................................................................... 9, 5. KEY RISK INDICATORS ...................................................................................... 10, 5.1. Global Standard KRIs ............................................................................... 10, 5.2. Study Specific KRIs ................................................................................... 12, 5.2.1. Study Specific KRI 1- Missed RECIST .......................................... 12, 5.2.2. Study Specific KRI 2- Missed PCWG3 .......................................... 14, 5.2.3. Study Specific KRI 3- Early Termination Rate (ETRATE) .............. 17, 5.2.4. Study Specific KRI 4- AE Entry Timeliness - Last 60 Days ............ 19, 5.2.5. Study Specific KRI 5- SAE Entry Timeliness - Last 60 Days ......... 21, 5.2.6. Study Specific KRI 6- Participants Missed Critical Safety Labs ..... 24, 5.2.7. Study Specific KRI 7- Baseline Missed Critical Safety Labs .......... 25, 5.2.8. Study Specific KRI 8 - Missed Blood collection for cf Nucleic, Acids ................................................................................................... 27, PFIZER CONFIDENTIAL, TMF Doc ID 928.06, Page 1 of 50, DDooccUUUUIIDD :: 67f560d05b8cc128--e5535d7b--44050c19--9ba89795--4fe7b47a7f94c7501412ae37, CLINICAL AND MEDICAL CONTROLLED DOCUMENT (CMCD), REQUIRED FORM/TEMPLATE, Identifier Version Title, DMB07-DMB08- 2.0 CENTRAL MONITORING PLAN TEMPLATE",18,9,4,Unknown,"At least 10 unique sites w/ 1+ screened subjects,",FALSE,TRUE,FALSE,FALSE,FALSE,FALSE,Yes,FALSE
C2321014,5.0,12-Jan-2026,Inform Volume 2 / Inform Volume 3 / REDCap,"4. VISIT SCHEDULE .............................................................................................................11, 4.1. Scheduled Visits ...................................................................................................11, 4.2. Unscheduled Visits, Technical, and Log Forms ..............................................13, 4.3. Remapped Visits ..................................................................................................13, 4.4. Saturday/Sunday .................................................................................................14, 5. KEY RISK INDICATORS ..................................................................................................15, 5.1. Global Standard KRIs .........................................................................................15, 5.2. Study Specific KRIs .............................................................................................19, 5.2.1. Study Specific KRI 1 - Missed RECIST ...............................................19, 5.2.2. Study Specific KRI 2 - Missed PCWG3 ...............................................21, 5.2.3. Study Specific KRI 3 - Missed Blood collection for cf Nucleic, Acids ................................................................................................................24, 5.2.4. Study Specific KRI 4 – SAE Data Entry Timeliness ..........................25, 5.2.5. Study Specific KRI 5 - Missed Pharmacokinetics Points ..................26, 6. DATA QUALITY ASSESSMENT (DQA) .........................................................................28, 7. POTENTIAL DUPLICATE PATIENT (PDP) ANALYSIS ...............................................28, 8. QUALITY TOLERANCE LIMIT (QTL) ...........................................................................28, 8.1. Timing and Frequency of QTL Analysis ...........................................................41, 8.2. Sister KRI(s) to Support QTL .............................................................................41, PFIZER CONFIDENTIAL, TMF Doc ID 928.06, Page 2 of 52, DocUUID : c630bcbe-5f52-4384-806f-bbf54e3737dd, CLINICAL AND MEDICAL CONTROLLED DOCUMENT (CMCD), REQUIRED FORM/TEMPLATE",21,5,5,Bi-monthly,At least 10 unique sites w/ 1+ screened subjects.,FALSE,TRUE,FALSE,FALSE,FALSE,TRUE,Yes,FALSE
C3651003,9.0,06-Nov-2024,Inform Volume 2 / Inform Volume 3 / REDCap,"4.1. Scheduled Visits .....................................................................................................7, 4.2. Unscheduled Visits, Technical, and Log Forms .......................................................8, 4.3. Remapped Visits ....................................................................................................9, 4.4. Saturday/Sunday ...................................................................................................9, 5. KEY RISK INDICATORS ..................................................................................................10, 5.1. Global Standard KRIs .........................................................................................10, 5.2. Study Specific KRIs .............................................................................................11, 5.2.1. Study Specific KRI 1 ...............................................................................11, 5.2.2. Study Specific KRI 2 ...............................................................................12, 5.2.3. Study Specific KRI 3 ...............................................................................14, 5.2.4. Study Specific KRI 4 ...............................................................................15, 5.2.5. Study Specific KRI 5 ...............................................................................16, 5.2.6. Study Specific KRI 6 ...............................................................................17, 5.2.7. Study Specific KRI 7 ...............................................................................18, 5.2.8. Study Specific KRI 8 ...............................................................................19, 5.2.9. Study Specific KRI 9 ...............................................................................20, 5.2.10. Study Specific KRI 10 ..........................................................................21, 5.2.11. Study Specific KRI 11 ..........................................................................22, 5.2.12. Study Specific KRI 12 ..........................................................................23, 5.2.13. Study Specific KRI 13 ..........................................................................24, 5.2.14. Study Specific KRI 14 ..........................................................................25, PFIZER CONFIDENTIAL, TMF Doc ID 928.06, Page 2 of 36, DocUUID : 8513816b-d66e-4db9-9205-18f2f6ec5d9c",7,15,1,Monthly,&,FALSE,TRUE,TRUE,FALSE,FALSE,TRUE,Yes,TRUE
C3651021,1.0,22-Jan-2026,Inform Volume 2 / Inform Volume 3 / REDCap,"4.1. Scheduled Visits .....................................................................................................7, 4.2. Unscheduled Visits, Technical, and Log Forms ................................................9, 4.3. Remapped Visits ....................................................................................................9, 4.4. Saturday/Sunday .................................................................................................10, 5. KEY RISK INDICATORS ..................................................................................................11, 5.1. Global Standard KRIs .........................................................................................11, 5.2. Study Specific KRIs .............................................................................................11, 5.2.1. Missed 6-MWT assessment (KRI_MA_FTWLK001) .........................12, 5.2.2. AE Data Entry Timeliness (KRI_AE_ENTRY_TIMELINESS) ..........13, 5.2.3. SAE Data Entry Timeliness (KRI_SAE_ENTRY_TIMELINESS).....13, 5.2.4. Missed ePRO - FAACT ..........................................................................14, 5.2.5. Missing Weight ........................................................................................15, 5.2.6. ECG Change from Baseline, (KRI_ECG_CHANGE_FROM_BASELINE) ..............................................17, 5.2.7. Missed Patient’s Global Impression of Severity (PGI-S), (ΚRI_MISSED_ PGI_S)................................................................................18, PFIZER CONFIDENTIAL, TMF Doc ID 928.06, Page 1 of 38, DocUUID : 1636ad52-0735-4df3-87ce-d944b7779623, CLINICAL AND MEDICAL CONTROLLED DOCUMENT (CMCD), REQUIRED FORM/TEMPLATE, Identifier Version Title, DMB07-DMB08- 2.0 CENTRAL MONITORING PLAN TEMPLATE, WI-CDS01-RF02",5,17,1,Monthly,At least 10 unique sites w/ 1+ screened subjects,FALSE,TRUE,TRUE,FALSE,FALSE,TRUE,Yes,TRUE
C3671013,18.0,21-Oct-2025,Inform Volume 2 / Inform Volume 3 / REDCap,"4.1. Scheduled Visits ....................................................................................................... 15, 4.2. Unscheduled Visits, Technical, and Log Forms ......................................................... 16, 4.3. Remapped Visits ...................................................................................................... 17, 4.4. Saturday/Sunday ...................................................................................................... 17, 5. KEY RISK INDICATORS ...................................................................................................... 18, 5.1. Global Standard KRIs ............................................................................................... 18, 5.2. Study Specific KRIs .................................................................................................. 20, 5.2.1. Study Specific KRI 1.............................................................................................. 20, 5.2.2. Study Specific KRI 2.............................................................................................. 21, 5.2.3. Study Specific KRI 3.............................................................................................. 23, 5.2.4. Study Specific KRI 4.............................................................................................. 24, 5.2.5. Study Specific KRI 5.............................................................................................. 25, 5.2.6. Study Specific KRI 6.............................................................................................. 26, 5.2.7. Study Specific KRI 7.............................................................................................. 27, 5.2.8. Study Specific KRI 8.............................................................................................. 28, PFIZER CONFIDENTIAL, TMF Doc ID 928.06, Page 1 of 109, DocUUID : cb8b8e7c-d28e-4c19-acc3-672e8a356d5f, CLINICAL AND MEDICAL CONTROLLED DOCUMENT (CMCD), REQUIRED FORM/TEMPLATE, Identifier Version Title, DMB07-DMB08- 2.0 CENTRAL MONITORING PLAN TEMPLATE, WI-CDS01-RF02, 5.2.9. Study Specific KRI 9.............................................................................................. 29",3,40,8,monthly,13-Sep-2021,TRUE,FALSE,TRUE,TRUE,FALSE,TRUE,Yes,TRUE
C3671058,7.0,05-Sep-2025,Inform Volume 2 / Inform Volume 3 / REDCap,"4.1. Scheduled Visits .....................................................................................................6, 4.2. Unscheduled Visits, Technical, and Log Forms ................................................6, 4.3. Remapped Visits ....................................................................................................7, 4.4. Saturday/Sunday ...................................................................................................7, 5. KEY RISK INDICATORS ....................................................................................................8, 5.1. Global Standard KRIs ...........................................................................................8, 5.2. Study Specific KRIs ...............................................................................................9, 5.2.1. Study Specific KRI 1- Missed Sample Collection Immunogenicity, Coadministration (Grp1) .................................................................................9, 5.2.2. Study Specific KRI 2- Missed Sample Collection Sequential, administration (Grp2) ....................................................................................10, 5.2.3. Study Specific KRI 3- Early Termination Rate ...................................12, 5.2.4. Study Specific KRI 4- Missed Reactogenicity eDiary Entry .............13, 5.2.5. Study Specific KRI 5- On Time Daily Diary Entry ..............................14, 5.2.6. Study Specific KRI 6- Duplicate Dates for Reactogenicity Diary in, CRF and eDiary .............................................................................................16, 5.2.7. Study Specific KRI 7- High Reporting of PARTICIPANT-, REPORTED REACTOGENICITY ...............................................................17, 5.2.8. Study Specific KRI 8- Missed Follow-up Contact-Severe Reaction18, 5.2.9. Study Specific KRI 9- SAE Entry Timeliness ......................................19, 5.2.10. Study Specific KRI 10- Electronic Sample Tracking-Sample ID, Deletions .........................................................................................................20, PFIZER CONFIDENTIAL, TMF Doc ID 928.06, Page 2 of 37",5,11,2,Weekly,"At least 10 unique sites w/ 1+ screened subjects,",TRUE,FALSE,TRUE,FALSE,FALSE,TRUE,Yes,FALSE
C3671059,5.0,25-Feb-2026,Inform Volume 2 / Inform Volume 3 / REDCap / Other: Refer to DMB07-GSOP-RF27 Data Management Plan Template [TMF,"4.1. Scheduled Visits .....................................................................................................8, 4.2. Unscheduled Visits, Technical, and Log Forms ................................................9, 4.3. Remapped Visits ..................................................................................................10, 4.4. Saturday/Sunday .................................................................................................10, 5. KEY RISK INDICATORS ..................................................................................................11, 5.1. Global Standard KRIs .........................................................................................11, 5.2. Study Specific KRIs .............................................................................................14, 5.2.1. AE Entry Timeliness ...............................................................................14, 5.2.2. AE Rate ....................................................................................................16, 5.2.3. SAE Rate ..................................................................................................17, 5.2.4. SAE Entry Timeliness.............................................................................18, 5.2.5. Concomitant Vaccinations – Pregnant Participants ..........................19, 5.2.6. Missed or Not on Time Daily Diary Entry ............................................20, 5.2.7. Duplicate Dates for Reactogenicity Diary in CRF and eDiary .........21, PFIZER CONFIDENTIAL, TMF Doc ID 928.06, Page 1 of 53, DocUUID : c65dbbd9-1e3d-4086-b7b6-9da2aa278033, CLINICAL AND MEDICAL CONTROLLED DOCUMENT (CMCD), REQUIRED FORM/TEMPLATE, Identifier Version Title, DMB07-DMB08- 2.0 CENTRAL MONITORING PLAN TEMPLATE, WI-CDS01-RF02, 5.2.8. Missed Follow-up Contact – Severe Reaction Reactogenicity, Diary ................................................................................................................23",8,18,3,Monthly,At least 10 unique sites w/ 1+ screened subjects,TRUE,FALSE,TRUE,FALSE,FALSE,TRUE,Yes,TRUE
C4221015,13.0,09-Dec-2025,Inform Volume 2 / Inform Volume 3 / REDCap,"4. VISIT SCHEDULE .............................................................................................................17, 4.1. Scheduled Visits ...................................................................................................17, 4.2. Unscheduled Visits, Technical, and Log Forms ..............................................26, 4.3. Remapped Visits ..................................................................................................27, 4.4. Saturday/Sunday .................................................................................................27, 5. KEY RISK INDICATORS ..................................................................................................28, 5.1. Global Standard KRIs .........................................................................................28, 5.2. Study Specific KRIs .............................................................................................32, 5.2.1. Study Specific KRI 1 - MISSED PRESCR BRAF TISSUE ...............32, 5.2.2. Study Specific KRI 2 - MISSED BLOOD FOR cfDNA.......................34, 5.2.3. Study Specific KRI 3 - MISSED BLOOD FOR GERMLINE, COMPARATOR .............................................................................................36, PFIZER CONFIDENTIAL, TMF Doc ID 928.06, Page 1 of 77, DocUUID : 9acd694f-da9a-4676-a5f1-51d5ad9cc68e, CLINICAL AND MEDICAL CONTROLLED DOCUMENT (CMCD), REQUIRED FORM/TEMPLATE, Identifier Version Title, DMB07-DMB08- 2.0 CENTRAL MONITORING PLAN TEMPLATE, WI-CDS01-RF02, 5.2.4. Study Specific KRI 4 - MISSED BLOOD FOR PROTEIN, MARKERS ......................................................................................................37, 5.2.5. Study Specific KRI 5 - MISSED BLOOD FOR BRAF, COMPANION DIAGNOSTICS ....................................................................40",15,9,6,Quarterly,Unknown,FALSE,FALSE,FALSE,FALSE,FALSE,TRUE,Yes,TRUE
C4221016,13.0,01-Aug-2025,Inform Volume 2 / Inform Volume 3 / REDCap / Other: Refer to DMB07-GSOP-RF27 Data Management Plan Template [TMF,"4.1. Scheduled Visits .....................................................................................................9, 4.2. Unscheduled Visits, Technical, and Log Forms ..............................................14, 4.3. Remapped Visits ..................................................................................................14, 4.4. Saturday/Sunday .................................................................................................14, 5. KEY RISK INDICATORS ..................................................................................................15, 5.1. Global Standard KRIs .........................................................................................15, 5.2. Study Specific KRIs .............................................................................................17, 5.2.1. Missed RECIST Evaluations .................................................................17, 5.2.2. Missed Survival Follow-up Call .............................................................18, 5.2.3. Not Evaluable Rate .................................................................................19, 6. DATA QUALITY ASSESSMENT (DQA) .........................................................................21, 7. POTENTIAL DUPLICATE PATIENT (PDP) ANALYSIS ...............................................22, 7.1. Exclusion Criteria .................................................................................................22, 7.2. Distance Calculations ..........................................................................................22, 7.3. Generic Variables - Standard Variables ...........................................................23, 7.4. Study-Specific Variables .....................................................................................24, 7.5. Standard Filtering Applied to Duplicate Patients Report ...............................24, 7.5.1. Custom Filtering Rules ...........................................................................25, 7.6. Timing and Frequency of Analysis ....................................................................25, 8. QUALITY TOLERANCE LIMIT (QTL) ...........................................................................26, PFIZER CONFIDENTIAL, TMF Doc ID 928.06, Page 2 of 27, DocUUID : b8107332-e6a6-49d4-8f74-cf517f4f324d, CLINICAL AND MEDICAL CONTROLLED DOCUMENT (CMCD)",5,3,0,Quarterly,March 2022,FALSE,FALSE,FALSE,FALSE,FALSE,FALSE,Yes,TRUE
C4221022,12.0,09-Oct-2025,Inform Volume 2 / Inform Volume 3 / REDCap,"4.1. Scheduled Visits .....................................................................................................9, 4.2. Unscheduled Visits, Technical, and Log Forms ..............................................13, 4.3. Remapped Visits ..................................................................................................14, 4.4. Saturday/Sunday .................................................................................................16, 5. KEY RISK INDICATORS ..................................................................................................17, 5.1. Global Standard KRIs .........................................................................................17, 5.2. Study Specific KRIs .............................................................................................21, 5.2.1. Study Specific KRI 1: Missed SCR BRAF Tissue [RETIRED] .........22, 5.2.2. Study Specific KRI 2: Missed Blood for cfDNA [RETIRED] .............23, 5.2.3. Study Specific KRI 3: C1D1 Missed Blood For Germline, Comparator [RETIRED] ...............................................................................24, 5.2.4. Study Specific KRI 4: Missed SCR MSI or MMR Tissue, [RETIRED] ......................................................................................................25, 5.2.5. Study Specific KRI 5: Missed New Lesions ........................................27, 5.2.6. Study Specific KRI 6: No Target Lesions – Baseline [RETIRED] ...28, PFIZER CONFIDENTIAL, TMF Doc ID 928.06, Page 1 of 42, DocUUID : c7fa7fc1-07e5-412d-8842-8c6f7ce01c44, CLINICAL AND MEDICAL CONTROLLED DOCUMENT (CMCD), REQUIRED FORM/TEMPLATE, Identifier Version Title, DMB07-DMB08- 2.0 CENTRAL MONITORING PLAN TEMPLATE, WI-CDS01-RF02, 5.2.7. Study Specific KRI 7: No Non-Target Lesions – Baseline",16,4,1,monthly,At least 10 unique sites w/ 1+ screened subjects for KRI,FALSE,FALSE,FALSE,FALSE,FALSE,TRUE,Yes,TRUE
C4591048,23.0,04-Feb-2026,Inform Volume 2 / Inform Volume 3 / REDCap,"4. VISIT SCHEDULE .............................................................................................................12, 4.1. Scheduled Visits ...................................................................................................12, 4.2. Unscheduled Visits, Technical, and Log Forms ..............................................13, 4.3. Remapped Visits ..................................................................................................13, 4.4. Saturday/Sunday .................................................................................................13, 5. KEY RISK INDICATORS ..................................................................................................14, 5.1. Global Standard KRIs .........................................................................................14, 5.2. Study Specific KRIs .............................................................................................16, 5.2.1. Study Specific KRI 1: Reactogenicity eDiary Compliance ...............16, 5.2.2. Study Specific KRI 2: Planned Missed Sample Tracking -, Immunogenicity [RETIRED] .........................................................................17, 5.2.3. Study Specific KRI 3: Planned Missed Sample Tracking – Nasal, Swab................................................................................................................18, 5.2.4. Study Specific KRI 4: COVID Symptom eDiary F/U Compliance <, 7 - Last 30 Days [RETIRED] .......................................................................20, 5.2.5. Study Specific KRI 5: COVID Symptom eDiary F/U Compliance, >7 – Last 30 Days [RETIRED] ....................................................................21, PFIZER CONFIDENTIAL, TMF Doc ID 928.06, Page 1 of 46, DocUUID : 63c53673-cbbd-4498-8702-8dfe5d83f992, CLINICAL AND MEDICAL CONTROLLED DOCUMENT (CMCD), REQUIRED FORM/TEMPLATE, Identifier Version Title, DMB07-DMB08- 2.0 CENTRAL MONITORING PLAN TEMPLATE",5,7,7,Unknown,At least 10 unique sites w/ 1+ screened subjects for KRI,TRUE,FALSE,TRUE,TRUE,FALSE,TRUE,Yes,TRUE
C4591076,4.0,08-Jan-2026,Inform Volume 2 / Inform Volume 3 / REDCap,"4.1. Scheduled Visits .....................................................................................................5, 4.2. Unscheduled Visits, Technical, and Log Forms ................................................5, 4.3. Remapped Visits ....................................................................................................6, 4.4. Saturday/Sunday ...................................................................................................6, 5. KEY RISK INDICATORS ....................................................................................................7, 5.1. Global Standard KRIs ...........................................................................................7, 5.2. Study Specific KRIs ...............................................................................................9, 5.2.1. Missed Sample Tracking – Immunogenicity, (KRI_MISSED_SAMPLE_TRACKING) .......................................................9, 5.2.2. Planned Missed Sample Tracking - Nasal Swab ...............................12, 5.2.3. AE Data Entry Timeliness (KRI_AE_ENTRY_TIMELINESS) ..........13, 5.2.4. SAE Data Entry Timeliness (KRI_SAE_ENTRY_TIMELINESS).....14, 5.2.5. Early Termination Rate ..........................................................................15, 5.2.6. Missed Follow Up Contact – Severe Reaction Reactogenicity, eDiary (KRI_MISS_FU_SEVERE) .............................................................16, PFIZER CONFIDENTIAL, TMF Doc ID 928.06, Page 1 of 28, DocUUID : ce39203d-2815-4f3f-835d-e0cb2bf6b012, CLINICAL AND MEDICAL CONTROLLED DOCUMENT (CMCD), REQUIRED FORM/TEMPLATE, Identifier Version Title, DMB07-DMB08- 2.0 CENTRAL MONITORING PLAN TEMPLATE, WI-CDS01-RF02, 5.2.7. Reactogenicity eDiary Compliance - Daily Entries",5,10,1,Unknown,At least 10 unique sites w/ 1+ screened,TRUE,FALSE,TRUE,TRUE,FALSE,TRUE,Yes,FALSE
C4591081,1.0,16-Jan-2026,Inform Volume 2 / Inform Volume 3 / REDCap,"4.1. Scheduled Visits .....................................................................................................4, 4.2. Unscheduled Visits, Technical, and Log Forms ................................................4, 4.3. Remapped Visits ....................................................................................................7, 4.4. Saturday/Sunday ...................................................................................................8, 5. KEY RISK INDICATORS ....................................................................................................9, 5.1. Global Standard KRIs ...........................................................................................9, 5.2. Study Specific KRIs .............................................................................................10, 5.2.1. Study Specific KRI 1: eDiary Compliance – Daily Entries ................10, 5.2.2. Study Specific KRI 2: Missed Reactogenicity eDiary Entry – All 7, Days ................................................................................................................12, 5.2.3. Study Specific KRI 3: Duplicate Dates – eDiary and CRF ...............13, 5.2.4. Study Specific KRI 4: Missed Follow-Up Contact – Severe, Reaction Reactogenicity eDiary ..................................................................15, 5.2.5. Study Specific KRI 5: Missed Sample Tracking – Immunogenicity, SERUM Samples ..........................................................................................16, 5.2.6. Study Specific KRI 6: Early Termination Rate ....................................18, 5.2.7. Study Specific KRI 7: Missed Cardiac Illness AESI ..........................19, PFIZER CONFIDENTIAL, TMF Doc ID 928.06, Page 1 of 46, DocUUID : 320cd91c-a62c-4c15-9706-e3059f61e499, CLINICAL AND MEDICAL CONTROLLED DOCUMENT (CMCD), REQUIRED FORM/TEMPLATE, Identifier Version Title, DMB07-DMB08- 2.0 CENTRAL MONITORING PLAN TEMPLATE",6,11,3,weekly,"At least 10 unique sites w/ 1+ screened subjects,",TRUE,FALSE,TRUE,TRUE,FALSE,TRUE,Yes,FALSE
C4591082,2.0,04-Mar-2026,Inform Volume 2 / Inform Volume 3 / REDCap,"4.1. Scheduled Visits .....................................................................................................4, 4.2. Unscheduled Visits, Technical, and Log Forms ................................................5, 4.3. Remapped Visits ....................................................................................................8, 4.4. Saturday/Sunday ...................................................................................................8, 5. KEY RISK INDICATORS ....................................................................................................9, 5.1. Global Standard KRIs ...........................................................................................9, 5.2. Study Specific KRIs .............................................................................................10, 5.2.1. Study Specific KRI 1: eDiary Compliance – Daily Entries ................10, 5.2.2. Study Specific KRI 2: Missed Reactogenicity eDiary Entry – All 7, Days ................................................................................................................11, 5.2.3. Study Specific KRI 3: Duplicate Dates – eDiary and CRF ...............13, 5.2.4. Study Specific KRI 4: Missed Follow-Up Contact – Severe, Reaction Reactogenicity eDiary ..................................................................14, 5.2.5. Study Specific KRI 5: Missed Sample Tracking – Immunogenicity, SERUM Samples ..........................................................................................15, 5.2.6. Study Specific KRI 6: Missed Sample Tracking – Nasal Swab .......17, 5.2.7. Study Specific KRI 7: Early Termination Rate ....................................18, PFIZER CONFIDENTIAL, TMF Doc ID 928.06, Page 1 of 43, DocUUID : 80cb34be-815d-4d41-8de3-d9058248b649, CLINICAL AND MEDICAL CONTROLLED DOCUMENT (CMCD), REQUIRED FORM/TEMPLATE, Identifier Version Title, DMB07-DMB08- 2.0 CENTRAL MONITORING PLAN TEMPLATE",6,13,2,weekly,"At least 10 unique sites w/ 1+ screened subjects,",TRUE,FALSE,TRUE,TRUE,FALSE,TRUE,Yes,TRUE
C4601003,9.0,18-Jul-2025,Inform Volume 2 / Inform Volume 3,"Section 4.1 Standard KRIs Protocol Deviation Rate, – added reviewers to Protocol Deviation Rate and, SAE Rate KRIs; Updated comment in Early, Termination Rate KRI to indicate study specific KRI, Section 4.2 Study Specific KRIs – Updated, comments for KRI’s 1-8 and 10-12 to include signal, reviewer; For SSKRI 9-10 added comment, PFIZER CONFIDENTIAL, TMF Doc ID 928.06, Page 5 of 52, DocUUID : 6debe729-d1c3-4fe0-9bd8-fd7e67562f23, CLINICAL AND MEDICAL CONTROLLED DOCUMENT (CMCD), REQUIRED FORM/TEMPLATE, Identifier Version Title Effective Date, DMB07-DMB08- 1.0 CENTRAL MONITORING PLAN TEMPLATE 31-May-2023, WI-CDS01-RF02, Section 7.0 Quality Tolerance Limit (QTL) –, Updated Booster Dose Completed and Post-Booster, Dose Sample Collection QTLs to indicate retiring as, minimal new data is expected and any data entered, Section 7.1 QTL Analysis Frequency – updated, Section 7.2 Sister KRI(s) to Support QTL – Updated, Booster Dose Completed and Post-Booster Dose, Sample Collection to indicate retiring as minimal, new data is expected and any data entered will not",12,12,4,Monthly,At least 10 unique sites w/ 1+ screened subjects for KRI-; 24Aug2022,TRUE,FALSE,TRUE,FALSE,FALSE,TRUE,No,TRUE
C4891001,6.0,11-Dec-2025,Inform Volume 2 / Inform Volume 3 / REDCap,"4.1. Scheduled Visits .....................................................................................................8, 4.2. Unscheduled Visits, Technical, and Log Forms ..............................................10, 4.3. Remapped Visits ..................................................................................................11, 4.4. Saturday/Sunday .................................................................................................12, 5. KEY RISK INDICATORS ..................................................................................................13, 5.1. Global Standard KRIs .........................................................................................13, 5.2. Study Specific KRIs .............................................................................................16, 5.2.1. Study Specific KRI 1 ...............................................................................16, 5.2.2. Study Specific KRI 2 ...............................................................................17, 5.2.3. Study Specific KRI 3 ...............................................................................18, PFIZER CONFIDENTIAL, TMF Doc ID 928.06, Page 1 of 46, DocUUID : bbd8198b-228a-4156-b1f6-2d9cec8dc997, CLINICAL AND MEDICAL CONTROLLED DOCUMENT (CMCD), REQUIRED FORM/TEMPLATE, Identifier Version Title, DMB07-DMB08- 2.0 CENTRAL MONITORING PLAN TEMPLATE, WI-CDS01-RF02, 5.2.4. Study Specific KRI 4 ...............................................................................19, 5.2.5. Study Specific KRI 5 ...............................................................................22, 6. DATA QUALITY ASSESSMENT (DQA) .........................................................................25, 7. POTENTIAL DUPLICATE PATIENT (PDP) ANALYSIS ...............................................25, 7.1. Exclusion Criteria .................................................................................................25, 7.2. Distance Calculations ..........................................................................................26",15,5,3,Monthly,&,FALSE,TRUE,FALSE,FALSE,FALSE,TRUE,Yes,TRUE
C4891002,5.0,29-Sep-2025,Inform Volume 2 / Inform Volume 3 / REDCap / Other: Refer to DMB07-GSOP-RF27 Data Management Plan Template [TMF,"4.2. Unscheduled Visits, Technical, and Log Forms ............................................................ 7, 4.4. Saturday/Sunday ......................................................................................................... 10, 5.1. Global Standard KRIs ................................................................................................. 11, 5.2. Study Specific KRIs ..................................................................................................... 12, 5.2.1. Study Specific KRI 1: Palbociclib Dosing Compliance ...................................... 12, 5.2.2. Study Specific KRI 2: ARV-471 Dosing Compliance ........................................ 13, 5.2.3. Study Specific KRI 3: ARV-471 PK compliance ............................................... 14, 5.2.4. Study Specific KRI 4: Palbociclib PK compliance ............................................ 14, 5.2.5. Study Specific KRI 5: MBIO PD compliance .................................................... 15, 6. DATA QUALITY ASSESSMENT (DQA) .................................................................................. 16, 7. POTENTIAL DUPLICATE PATIENT (PDP) ANALYSIS .......................................................... 17, PFIZER CONFIDENTIAL, TMF Doc ID 928.06, Page 1 of 23, DocUUID : e2eff001-f8a5-4ef6-891a-f622520537c2, CLINICAL AND MEDICAL CONTROLLED DOCUMENT (CMCD), REQUIRED FORM/TEMPLATE, Identifier Version Title, DMB07-DMB08- 2.0 CENTRAL MONITORING PLAN TEMPLATE, WI-CDS01-RF02, 7.2. Distance Calculations .................................................................................................. 18, 7.3. Generic Variables - Standard Variables ...................................................................... 18, 7.4. Study-Specific Variables ............................................................................................. 19, 7.5. Standard Filtering Applied to Duplicate Patients Report ............................................. 19, 7.5.1. Custom Filtering Rules .................................................................................... 20",5,5,1,Unknown,At least 10 unique sites w/ 1+ screened subjects for KRI;,FALSE,FALSE,FALSE,FALSE,FALSE,FALSE,Yes,TRUE
C4891026,5.0,11-Dec-2025,Inform Volume 2 / Inform Volume 3 / REDCap,"4.1. Scheduled Visits .....................................................................................................6, 4.2. Unscheduled Visits, Technical, and Log Forms ................................................8, 4.3. Remapped Visits ....................................................................................................8, 4.4. Saturday/Sunday ...................................................................................................9, 5. KEY RISK INDICATORS ..................................................................................................10, 5.1. Global Standard KRIs .........................................................................................10, 5.2. Study Specific KRIs .............................................................................................11, 5.2.1. Study Specific KRI 1 ...............................................................................11, 5.2.2. Study Specific KRI 2 ...............................................................................12, 5.2.3. Study Specific KRI 3 ...............................................................................13, 5.2.4. Study Specific KRI 4 ...............................................................................15, 5.2.5. Study Specific KRI 5 ...............................................................................16, 5.2.6. Study Specific KRI 6 ...............................................................................18, 5.2.7. Study Specific KRI 7 ...............................................................................19, PFIZER CONFIDENTIAL, TMF Doc ID 928.06, Page 1 of 24, DocUUID : 972a513d-6fc4-43cb-aa57-c63c6f445f2f, CLINICAL AND MEDICAL CONTROLLED DOCUMENT (CMCD), REQUIRED FORM/TEMPLATE, Identifier Version Title, DMB07-DMB08- 2.0 CENTRAL MONITORING PLAN TEMPLATE, WI-CDS01-RF02, 5.2.8. Study Specific KRI 8 ...............................................................................19, 6. DATA QUALITY ASSESSMENT (DQA) .........................................................................20",4,8,1,Monthly,"At least 10 unique sites w/ 1+ screened subjects,",FALSE,FALSE,FALSE,FALSE,FALSE,FALSE,Yes,FALSE
C5091017,5.0,05-Mar-2026,Inform Volume 2 / Inform Volume 3 / REDCap,"4.1. Scheduled Visits .....................................................................................................7, 4.2. Unscheduled Visits, Technical, and Log Forms ................................................7, 4.3. Remapped Visits ....................................................................................................8, 4.4. Saturday/Sunday ...................................................................................................8, 5. KEY RISK INDICATORS ....................................................................................................8, 5.1. Global Standard KRIs ...........................................................................................8, 5.2. Study Specific KRIs .............................................................................................12, 5.2.1. Study Specific KRI 1: Missed NP Swab collection ............................12, 5.2.2. Study Specific KRI 2: Missed Acute COVID Symptoms ...................13, 5.2.3. Study Specific KRI 3: Missed Long Covid and Other Long Covid, Symptoms .......................................................................................................14, 5.2.4. Study Specific KRI 4: Missed Dosing Diary ........................................15, 5.2.5. Study Specific KRI 5: eCOA ePRO overall compliance ...................16, 5.2.6. Study Specific KRI 6: SAE Reporting Timeliness ..............................17, 5.2.7. Study Specific KRI 7: Early Termination Rate ....................................17, 5.2.8. Study Specific KRI 8: Negative Viral RNA level at Baseline ............18, PFIZER CONFIDENTIAL, TMF Doc ID 928.06, Page 1 of 26, DocUUID : a7e5364c-de0e-4dc9-abdf-527aa5f878f6, CLINICAL AND MEDICAL CONTROLLED DOCUMENT (CMCD), REQUIRED FORM/TEMPLATE, Identifier Version Title, DMB07-DMB08- 2.0 CENTRAL MONITORING PLAN, WI-CDS01-RF02",21,10,1,Monthly,"At least 10 unique sites w/ 1+ screened subjects,",FALSE,FALSE,FALSE,TRUE,FALSE,TRUE,No,TRUE
