study_id,qtl_name,definition,expectation,secondary_limit,tolerance_limit,numerator_definition,denominator_definition,status,retirement_date,comment,has_sister_kri
B7981027,Non-rollover rate to,"The percentage of participants who fail to roll over
B7981028 study from B7981027 study to B7981028 study.
Dataset and DS001_3",22,,>38%,pts who completed study B7981027 but did not enroll in B7981028.,all enrolled pts.,active,,,TRUE
B7981027,Participants with important,"The percentage of participants with important
protocol deviations due to use protocol deviations due to use of prohibited
of prohibited medications medications during the study treatment period.
during the
study treatment period.
Dataset and KRI_PD_RATE",9,,>12%,Number of randomized pts who received at least one dose of study intervention and reported important protocol deviations due to prohibited meds ECSTDTC_001 is not Null and (X_ECDOSE_001 != 0 or X_ECDOSE_001 is NULL) PROTOCOL_DEVIATION_CATEGORY= CCMeds,"all randomized patients who received at least one dose of study intervention Comment, if As per new guidelines regarding QTL monitoring and mitigation, Clinician is responsible for mitigating QTLs applicable in CluePoints and generating study QTL report, which must be filed in PTMF as official evidence of QTL monitoring at final QTL analysis.",active,,,FALSE
B7981040,Number of subjects,"Number of randomized subjects who do not complete the
who discontinue from study per protocol
the study
Dataset and DS001_3",120,N/A,150 subjects,,,active,,,TRUE
B7981040,# of randomized,"The number of randomized subjects who at randomization
subjects with were classified with a FST of I or II
Fitzpatrick skin type
(FST) I and II
Dataset and SCSKT006 Fitzpatrick",120,N/A,180 subjects,,,active,,,FALSE
B7981040,# of randomized,"The number of randomized subjects who at randomization
subjects with were classified with a FST of III or IV
Fitzpatrick skin type
(FST) III and IV
Dataset and SCSKT006 Fitzpatrick",330,N/A,360 subjects,,,active,,,FALSE
B7981040,# of randomized,"The number of randomized subjects who at randomization
subjects with were classified with a FST of V or VI
Fitzpatrick skin type
(FST) V and VI
Dataset and SCSKT006 Fitzpatrick",100,N/A,120 subjects,,,active,,,FALSE
B7981040,Percent of randomized,"% of randomized participants who discontinue from each
participants who FST group (I&II, III&IV, V&VI) prior to week 52
discontinue from each
FST group (I&II, III&IV,
V&VI)


CDS01-RF02
Dataset and SCSKT006 Fitzpatrick",20,N/A,25%,"Include subjects where: DS001_3 Randomization: Randomization Date not missing o DS001_5 Disposition - End of Blinded Treatment: Date not missing and Discontinuation Reason o not equal to ‘Completed’ For FST I & II: SCSKT006 Fitzpatrick Skin Classification: Skin Classification in (TYPEI, TYPEII) o For FST III & IV: SCSKT006 Fitzpatrick Skin Classification: Skin Classification in (TYPEIII, o TYPEIV) For FST V & VI: SCSKT006 Fitzpatrick Skin Classification: Skin Classification in (TYPEV, TYPEVI) o","Include subjects where: DS001_3 Randomization: Randomization Date not missing o For FST I & II: SCSKT006 Fitzpatrick Skin Classification: Skin Classification in (TYPEI, TYPEII) o For FST III & IV: SCSKT006 Fitzpatrick Skin Classification: Skin Classification in (TYPEIII, o TYPEIV) For FST V & VI: SCSKT006 Fitzpatrick Skin Classification: Skin Classification in (TYPEV, TYPEVI) o Comment, if Set up as 3 QTLs on dashboard: applicable 1. Percent of randomized participants who discontinue from each FST group: I&II 2. Percent of randomized participants who discontinue from each FST group: III&IV 3. Percent of randomized participants who discontinue from each FST group: V&VI",active,,,FALSE
B7981041,Discontinuation Rate,"% of randomized participants in the B7981041 study who
in the Study discontinued prior to the end of the study
Dataset and DS001_3:",40,N/A,60%,"• Count of randomized subjects who discontinued prior to the end of the study, defined as: • Count of Disposition – Treatment (DS001_5) forms where Date of Discontinuation/Treatment/Death (DSSTDTC_001) is not null and Status (DSDECOD_001) is not “COMPLETED”","• Count of all randomized subjects, defined as: Count of Randomization (DS001_3) forms where Date of Randomization (DSTDTC_001) is not null Comment, if As per new guidelines regarding QTL monitoring and mitigation, Clinician is responsible for mitigating applicable QTLs in CluePoints and generating study QTL report, which must be filed in PTMF as official evidence of QTL monitoring at final QTL analysis.",active,,,FALSE
B7981080,% of randomized part,"% of randomized part Ia participants who do not complete
Ia participants who the study per protocol
discontinue from the
study
Dataset and DS001_3",,N/A,>25%,Include subjects where DS001_3 Randomization: Part 1a subjects: All patients whose DSREFID_001 does not o start with ‘15’ DS001_3 Randomization; Randomization Date not missing and o DS001_5 Disposition End of Week 52: Date of Completion is not missing and o DSDECOD!=’Completed’ and SUPPDS_DSNEXT_001!='EXTENSION',"Include subjects where DS001_3 Randomization; Randomization Date not missing o DS001_3 Randomization: Part 1a subjects: All patients whose DSREFID_001 does not o start with ‘15’ Comment, if applicable",active,,,FALSE
B7981080,% of randomized part,"% of randomized part II participants who do not complete
II participants who the study per protocol
discontinue from the
study
Dataset and DS001_3",,N/A,>25%,Include subjects where DS001_3 Randomization: Part II subjects: All patients whose DSREFID_001 starts with o ‘15’ DS001_3 Randomization; Randomization Date not missing and o DS001_5 Disposition End of Week 52: Date of Completion is not missing and o DSDECOD!=’Completed’ and SUPPDS_DSNEXT_001!='EXTENSION',"Include subjects where DS001_3 Randomization; Randomization Date not missing o DS001_3 Randomization: Part II subjects: All patients whose DSREFID_001 starts with o ‘15’ Comment, if applicable",active,,,FALSE
B7981080,% of randomized Part,"The % of randomized Part Ia participants that are from FST
Ia participants with of I or II
Fitzpatrick skin type
(FST) I and II


CDS01-RF02
Dataset and DS001_3",15,N/A,10%,"Include subjects where: SCSKT006 Fitzpatrick Skin Classification: Skin Type in (Type I, Type II) o DS001_3 Randomization; Randomization Date not missing and o DS001_3 Randomization: Part Ia subjects: All patients whose DSREFID_001 does not o start with ‘15’","Include subjects where: DS001_3 Randomization; Randomization Date not missing o DS001_3 Randomization: Part Ia subjects: All patients whose DSREFID_001 does not start o with ‘15’ Comment, if QTL is retired as of Feb 2026. applicable 8.4. % of randomized part Ia participants with Fitzpatrick skin type (FST) III and IV",active,,,FALSE
B7981080,% of randomized part,"The % of randomized part Ia participants who are classified
Ia participants with with a FST of III or IV
Fitzpatrick skin type
(FST) III and IV
Dataset and DS001_3",60,N/A,70%,"Include subjects where: SCSKT006 Fitzpatrick Skin Classification: Skin Type in (Type III, Type IV) o DS001_3 Randomization; Randomization Date not missing o DS001_3 Randomization: Part Ia subjects: All patients whose DSREFID_001 does not o start with ‘15’","Include subjects where: DS001_3 Randomization; Randomization Date not missing o DS001_3 Randomization: Part Ia subjects: All patients whose DSREFID_001 does not start o with ‘15’ Comment, if QTL is retired as of Feb 2026. applicable",active,,,FALSE
B7981080,% of randomized part,"The % of part Ia participants randomized are from FST V or
Ia participants with VI
Fitzpatrick skin type
(FST) V and VI
Dataset and DS001_3",15,N/A,10%,"Include subjects where: SCSKT006 Fitzpatrick Skin Classification: Skin Type in (Type V, Type VI) o DS001_3 Randomization; Randomization Date not missing o DS001_3 Randomization: Part Ia subjects: All patients whose DSREFID_001 does not o start with ‘15’","Include subjects where: DS001_3 Randomization; Randomization Date not missing o DS001_3 Randomization: Part Ia subjects: All patients whose DSREFID_001 does not o start with ‘15’ Comment, if QTL is retired as of Feb 2026. applicable 8.6. % of randomized participants (FST subgroup I and II) in Part Ia who discontinue from the study",active,,,FALSE
B7981080,% of randomized,"% of randomized part Ia participants who discontinue from
participants (FST each FST group (I&II) prior to week 52
subgroup I and II) in
Part Ia who
discontinue from the
study


CDS01-RF02
Dataset and DS001_3",20,N/A,25%,"Include subjects where SCSKT006 Fitzpatrick Skin Classification: Skin Type in (Type I, Type II) o DS001_3 Randomization; Randomization Date not missing o DS001_3 Randomization: Part Ia subjects: All patients whose DSREFID_001 does not o start with ‘15’ DS001_5 Disposition End of Week 52: Date of Completion is not missing and o DSDECOD!=’Completed’ and SUPPDS_DSNEXT_001!='EXTENSION'","Include subjects where DS001_3 Randomization; Randomization Date not missing o DS001_3 Randomization: Part Ia subjects: All patients whose DSREFID_001 does not o start with ‘15’ SCSKT006 Fitzpatrick Skin Classification: Skin Type in (Type I, Type II) o Comment, if applicable",active,,,FALSE
B7981080,% of randomized,"% of randomized part Ia participants who discontinue from
participants (FST each FST group (III&IV) prior to week 52
subgroup III and IV) in
Part Ia who
discontinue from the
study
Dataset and DS001_3",20,N/A,25%,"Include subjects where SCSKT006 Fitzpatrick Skin Classification: Skin Type in (Type III, Type IV) o DS001_3 Randomization; Randomization Date not missing o DS001_3 Randomization: Part Ia subjects: All patients whose DSREFID_001 does not o start with ‘15’ DS001_5 Disposition End of Week 52: Date of Completion is not missing and o DSDECOD!=’Completed’ and SUPPDS_DSNEXT_001!='EXTENSION' •","Include subjects where DS001_3 Randomization; Randomization Date not missing o DS001_3 Randomization: Part Ia subjects: All patients whose DSREFID_001 does not o start with ‘15’ SCSKT006 Fitzpatrick Skin Classification: Skin Type in (Type III, Type IV) o Comment, if As per clinician: Only Part Ia subjects applicable",active,,,FALSE
B7981080,% of randomized,"% of randomized part Ia participants who discontinue from
participants (FST FST group (V&VI) prior to week 52
subgroup V and VI) in
Part Ia who
discontinue from the
study
Dataset and DS001_3",20,N/A,25%,"Include subjects where SCSKT006 Fitzpatrick Skin Classification: Skin Type in (Type V, Type VI) o DS001_3 Randomization; Randomization Date not missing o DS001_3 Randomization: Part Ia subjects: All patients whose DSREFID_001 does not o start with ‘15’ DS001_5 Disposition End of Week 52: Date of Completion is not missing and o DSDECOD!=’Completed’ and SUPPDS_DSNEXT_001!='EXTENSION' •","Include subjects where DS001_3 Randomization; Randomization Date not missing o DS001_3 Randomization: Part Ia subjects: All patients whose DSREFID_001 does not o start with ‘15’ SCSKT006 Fitzpatrick Skin Classification: Skin Type in (Type V, Type VI) o Comment, if applicable",active,,,FALSE
B7981094,RETIRED Overall Enrollment (adults and,"Adults and Adolescents with SALT >/= 95
adolescents) by BL SALT Score >/=95
Dataset and SEVERITY OF ALOPECIA TOOL (SALT)",250,,275,,,retired,,,FALSE
B7981094,RETIRED Overall Adult Enrollment,"Enrollment of Adults
based on Age (>/=18 y/o)
Dataset and DEMOGRAPHY(DM001)",250,NA,275,,,retired,,,FALSE
B7981119,Randomized participants who discontinue,"% of randomized participants who do not
from the study intervention complete the study per protocol
Dataset and Dataset: [DS001_3] Randomization",20,,,Include subjects where o DS001_3 Randomization; Date of Randomization not missing o DS001_5 Disposition: Treatment; Date of Completion/Discontinuation/Death not missing o DS001_5 Disposition: Treatment; Status not equal to “COMPLETED” •,"Include subjects where o DS001_3 Randomization; Date of Randomization not missing Comment, if applicable",active,,,TRUE
C1071005,% participants in Part 2,"% of randomized participants in Part 2 Arms A and C who are
Arms A and C lost to lost to follow-up or withdraw consent from the study for Overall
follow-up or withdraw Survival (OS) follow-up
consent from study",5,10%,Secondary and Tolerance Limits Tolerance Limit 15%,Include subjects where DS001_2 Randomization Date not missing. o • X_DS_SLOPD001 Subject Reason for Withdrawal is “LOST TO FOLLOW-UP” or “WITHDRAWAL BY SUBJECT” or “WITHDRAWAL BY PARENT/GUARDIAN”,Include subjects where DS001_2 Enrollment Date not missing,active,,"Clinician will be mitigating the QTL.
8.1.2. QTL 2: % of participants no longer being followed for Progression Free Survival without an event - Retired",FALSE
C1071005,Participants in Part 2 Arms A,"% of randomized participants in Part 2 Arms A and C no
and C no longer being longer being followed for PFS without an event (Progressive
followed for Progression Disease, initiation of new cancer therapy)
Free Survival without an
event",10,N/A,20%,Include subjects where: EC001_4: Start Date Time is not missing. o EC001_4: Actual Dose is not 0 o RSIMWG041: Disease Status Assessment is NE or blank on DA_X and DA_X+1 o •,Include patient-visits where: o CP_VISIT_ID is not null o EC001_4: Start Date Time is not missing o,active,,"• Retired in 2024. Being tracked outside of CluePoints due to programming to support the QTL was too
complex for CluePoints.
• The datasets included are: DS001_2, EC001_4, BICR, TUTMM001, DS001_5.
• This QTL only comprises PART 2/ARM A OR PART 2/ARM C.
• The name of the QTL in CluePoints differs from what is stated in this document because the between the
QTL specification dated 15Dec2023 and the 11Jun2024 version, the QTL titled changed from ‘% of patients
in Arms A and C with 2 consecutive non-evaluable/missing disease assessments prior to Progressive
Disease‘ to ‘% of participants in Arms A",FALSE
C1071006,% of Part 2 participants with,"Percentage of treated participants with at least 3
3 consecutive non- consecutive non-evaluable or missing disease
evaluable/missing disease assessments while participants are on treatment
assessments (monitoring starting with Part 2 participants).


CDS01-RF02
Dataset and RSIMWG041:",5,N/A,10%,o Count of: o RSORRES_OVRLRESP_041 = NE or o RSORRES_OVRLRESP_041 MISSING for 3 consecutive visits •,o Count of first: o ECSTDTC_001_4_1(NOT MISSING),active,,,TRUE
C1071006,% of Part 2 participants,"Percentage of participants with missing assessments for
with missing initial and 12 months post initial MRD (for Part 2
assessments for initial participants).
MRD and 12 months
post initial MRD
Dataset and Z_MBIO002:",5,N/A,10%,"o Count of: o Where Visit RefName = DA_11: o D_SAMPNAME_002 = BMA for MRD and Z_MBIOSMC_002 = NO or o Form is marked as NOT DONE, NOT APPLICABLE or UNKNOWN AND o Where Visit RefName = SCR: o D_SAMPNAME_002 = BMA for MRD and Z_MBIOSMC_002 = NO or o Form is marked as NOT DONE, NOT APPLICABLE or UNKNOWN •","o Count of first: o ECSTDTC_001_4(NOT MISSING) Comment, if N/A applicable",active,,,TRUE
C1071006,Number of Part 2 participants with,"Number of participants incorrectly randomized
non-measurable disease at baseline when participant is found to have non-
measurable disease at time of screening.
(monitoring starting with Part 2 participants)


CDS01-RF02
Dataset and DS001:",1,N/A,3 per arm (6 total),,,active,,,FALSE
C1071007,RETIRED: % of participants,"Percentage of treated participants with at least 2
with 2 consecutive non- consecutive non-evaluable or missing disease
evaluable/missing disease assessments while participants are on treatment.
assessments
Dataset and RSIMWG041:",5,N/A,10%,Count of: RSORRES_OVRLRESP_041 = NE or RSORRES_OVRLRESP_041 MISSING for 2 consecutive visits,"Count of first: ECSTDTC_001_4_1* + ECSTDTC_001_4_2** NOT MISSING) *ARM A: ELRANTAMAB **ARM B: LENALIDOMIDE Comment, if Retired: Last used in 2022-11-29 KRI | QTL. QTL was in hiatus for subsequent KRI analyses as team applicable developed new QTLs. DocUUID : d7c3b653-775a-4827-bf7e-7f64dbcb354b",retired,,,FALSE
C1071007,% of participants with 2,"The percentage of treated participants with at least 2
consecutive non- consecutive non-evaluable or missing disease
evaluable/missing disease assessments while participants are on treatment. (starting
assessments (starting with with PA2 participants)
PA2 participants)
Dataset and DS001_3: DSREFID_001 ,",5,N/A,10%,o Include study Arms B and C (Randomization Group = ARM B (LENALIDOMIDE) or ARM C) participants where all the following conditions are true: DS001_3 Randomization: Randomization Number is 5 digits in length). ▪ RSIMWG041 IMWG Uniform Response Assessment: Disease Status Assessment = NE or Disease Status Assessment is missing for 2 consecutive visits. ▪ EC001_4_1 Treatment- Elranatamab Step-up* or EC001_4_2 Treatment Lenalidomide**: Sum of Actual Dose is > 0mg •,"o Include study Arms B and C (Randomization Group = ARM B (LENALIDOMIDE) or ARM C) participants where all the following conditions are true: DS001_3 Randomization: Randomization Number is 5 digits in length). ▪ EC001_4_1 Treatment- Elranatamab Step-up* or EC001_4_2 Treatment Lenalidomide**: Sum of Actual Dose is > 0mg *ARM C: ELRANTAMAB **ARM B: LENALIDOMIDE Comment, if applicable",active,,,TRUE
C1071007,The % of participants who,"The percentage of treated participants who are lost to
are lost to follow-up or follow-up
withdraw consent from the or withdraw consent from the study while ongoing or in
study (starting with PA2 follow-up for Overall Survival (OS) follow-up. (starting with
participants)
PA2 participants)
DocUUID : d7c3b653-775a-4827-bf7e-7f64dbcb354b

CDS01-RF02
Dataset and DS001_3: DSREFID_001,",5,N/A,10%,o Include study Arms B and C (Randomization Group = ARM B (LENALIDOMIDE) or ARM C) participants where all the following conditions are true: ▪ DS001_3 Randomization: Randomization Number is 5 digits in length). ▪ (DS001_7 Withdrawal of Consent: Withdrawal of Consent Date not missing) OR (DS001_6 Disposition- Long Term Follow-up: Date of Completion/Discontinuation/Death not missing AND Status = LOST TO FOLLOW-UP). ▪ EC001_4_1 Treatment- Elranatamab Step-up* or EC001_4_2 Treatment Lenalidomide**: Sum of Actual Dose is > 0mg •,"o Include study Arms B and C (Randomization Group = ARM B (LENALIDOMIDE) or ARM C) participants where all the following conditions are true: ▪ DS001_3 Randomization: Randomization Number is 5 digits in length). ▪ EC001_4_1 Treatment- Elranatamab Step-up* or EC001_4_2 Treatment Lenalidomide**: Sum of Actual Dose is > 0mg *ARM C: ELRANTAMAB **ARM B: LENALIDOMIDE Comment, if applicable",active,,,FALSE
C1071007,RETIRED:,"The percentage of participants who are randomized but
The % of randomized don't receive treatment. (starting with PA2)
participants not treated
(starting with PA2).
Dataset and DS001_3: DSREFID_001,",1,N/A,3%,o Include study Arms B and C (Randomization Group = ARM B (LENALIDOMIDE) or ARM C) participants where all the following conditions are true: ▪ DS001_3 Randomization: Randomization Number is 5 digits in length). ▪ DS001_3 Randomization: Randomization Date not missing ▪ DS001_5 Disposition Treatment: Date of Completion/Discontinuation/Death not missing ▪ EC001_4_1 Treatment- Elranatamab Step-up* or EC001_4_2 Treatment Lenalidomide**: Sum of Actual Dose is not >0mg or there are no treatment records for these randomized subjects •,"o Include study Arms B and C (Randomization Group = ARM B (LENALIDOMIDE) or ARM C) participants where all the following conditions are true: ▪ DS001_3 Randomization: Randomization Number is 5 digits in length). ▪ DS001_3 Randomization: Randomization Date not missing *ARM C: ELRANTAMAB **ARM B: LENALIDOMIDE Comment, if applicable DocUUID : d7c3b653-775a-4827-bf7e-7f64dbcb354b",retired,,,FALSE
C2321003,The % of participants,"The percentage of treated participants who are lost to
who are lost to follow- follow-up or withdraw consent from the study for OS follow-
up or withdraw up relative to the total number of treated participants
consent from the study
for overall survival
(OS) follow-up
Dataset and SM_DS001:",7.5,10%,12.5%,- Include study participants where all the following conditions are true: • DS001_3 Randomization: Randomization Date is not Null • (DS001_7 Withdrawal of Consent: Withdrawal of Consent Date not missing) OR (DS001_6 Disposition- Follow-up: Date of Completion/Discontinuation/Death not missing AND Status = LOST TO FOLLOW-UP). • EC001_4 Treatment BLINDED THERAPY: Dose Start Date is not Null or Total Daily Dose is > 0mg OR EC001_4_1 Treatment- ENZALUTAMIDE: Dose Start Date is not Null or Actual Dose is > 0mg,"- Include study participants where all the following conditions are true: • DS001_3 Randomization: Randomization Date is not Null. • EC001_4 Treatment BLINDED THERAPY: Dose Start Date is not Null or Total Daily Dose is > 0mg OR EC001_4_1 Treatment- ENZALUTAMIDE: Dose Start Date is not Null or Actual Dose is > 0mg Comment, if Linked to IQMP Risk ID #13419. applicable",active,,,TRUE
C2321003,% of participants with 2 consecutive,"The percentage of treated participants with at
non-evaluable / missing disease least 2 consecutive non-evaluable or missing
assessments disease (soft tissue and/or bone) assessments
while participants are on treatment.
Dataset and SM_DS001: DSSTDTC_001",4.5,6%,7.5%,"- Include study participants where all the following conditions are true: • DS001_3 Randomization: Randomization Date is not Null. • TRPCWG104/105/106: flag 2 or more consecutive visits for Bone Response = NE or Bone Response is missing (merge all three bone scan assessment pages to flag 2 consecutive visits during all scheduled visits. • RSIOTA001: flag 2 or more consecutive visits for overall tumor assessment = NOT EVALUABLE excluding when RSIOTA001 Target Lesions (RSORRES_TRGRESP_001) = No Target Lesion at Baseline, AND Non-Target Lesions (RSORRES_NTRGRESP_001) = No Non-Target Lesion at Baseline, AND New Lesion (RSORRES_NEWLPROG_001) = No. • EC001_4 Treatment BLINDED THERAPY: Dose Start Date is not Null or Total Daily Dose is > 0mg OR EC001_4_1 Treatment- ENZALUTAMIDE: Dose Start Date is not Null or Actual Dose is > 0mg","- Include study participants where all the following conditions are true: • DS001_3 Randomization: Randomization Date is not Null • EC001_4 Treatment BLINDED THERAPY: Dose Start Date is not Null or Total Daily Dose is > 0mg OR EC001_4_1 Treatment- ENZALUTAMIDE: Dose Start Date is not Null or Actual Dose is > 0mg Comment, if applicable",active,,,TRUE
C2321003,The % of randomized,"The percentage of randomized participants that do not
participants that are receive study treatment.
not treated.
Dataset and SM_DS001:",1.5,2%,4%,- Include study participants where all the following conditions are true: • DS001_3 Randomization: Randomization Date is not Null • EC001_4 Treatment BLINDED THERAPY: Dose Start Date is Null or Total Daily Dose is = 0mg OR EC001_4_1 Treatment- ENZALUTAMIDE: Dose Start Date is Null or Actual Dose is = 0mg (not treated subjects),"- Include study participants where all the following conditions are true: • DS001_3 Randomization: Randomization Date is not Null Comment, if applicable 8.1.4. QTL4",active,,,TRUE
C2321003,Percentage of participants,"% of treated participants with non-evaluable or
with missing and/or non- missing bone scan assessments at week 9 (within
evaluable bone scan window allowed by protocol)
assessments at week 9
Dataset and SM_DS001: DSSTDTC_001",3,4%,6%,- Include study participants where all the following conditions are true: • DS001_3 Randomization: Randomization Date is not Null • CPENEVT = WEEK9 and date of visit is not missing • TRPCWG104: Date of Scan is missing or Bone Response = NE or Bone Response is missing • EC001_4 Treatment BLINDED THERAPY: Dose Start Date is not Null or Total Daily Dose is > 0mg OR EC001_4_1 Treatment- ENZALUTAMIDE: Dose Start Date is not Null or Actual Dose is > 0mg,"- Include study participants where all the following conditions are true: • DS001_3 Randomization: Randomization Date is not Null • EC001_4 Treatment BLINDED THERAPY: Dose Start Date is not Null or Total Daily Dose is > 0mg OR EC001_4_1 Treatment- ENZALUTAMIDE: Dose Start Date is not Null or Actual Dose is > 0mg • CPENEVT = WEEK9 and date of visit is not missing Comment, if applicable",active,,,TRUE
C2321003,Percent of participants who,"Percentage of treated randomized participants who
do not have a confirmatory have a bone scan assessment of unconfirmed PD and
bone scan after unconfirmed discontinue from study treatment (due to progression)
bone disease was detected without a confirmatory bone scan
Dataset and SM_DS001: DSSTDTC_001",6,8%,11%,"Include study participants where all the following conditions are true: • DS001_3 Randomization: Randomization Date is not Null • EC001_4 Treatment BLINDED THERAPY: Dose Start Date is not Null or Total Daily Dose is > 0mg OR EC001_4_1 Treatment- ENZALUTAMIDE: Dose Start Date is not Null or Actual Dose is > 0mg • On the PCWG3 CRF forms (TRPCWG104/105/106) for FIRST SCAN AFTER TREATMENT INITIATION, POST1-TREATMENT SCAN and POST-TREATMENT SCAN if the Bone Response is “Progressive Disease Unconfirmed” without having a result of “Progressive Disease” (i.e. confirmed PD) after this and on the Disposition Treatment forms (DS001_5, DS001_5_1) the Status [DSDECOD_001_5] is “Progressive Disease”. o Exclude subjects where RSIOTA001 Overall: [RSORRES_OVRLRESP_001] =*/ PROGRESSIVE DISEASE when Date of Tumor Assessment: [RSDTC_001] is no later than to DISPOSITION - TREATMENT BLINDED THERAPY (DS001_5), Date of Completion/Discontinuation/Death: [DSSTDTC_001_5] OR DISPOSITION - TREATMENT ENZALUTAMIDE (","Randomized participants who have at least one post-baseline bone scan completed. Date of Scan is not null for at least one of PCWG104, PCWG105, or PCWG106. Comment, if applicable",active,,,TRUE
C2321008,Participants with at least 2,"The percentage of randomized participants with at
consecutive non-evaluable or Descriptive least 2 consecutive non-evaluable or missing disease
missing disease (soft definition of (soft tissue and/or bone) assessments
tissue and/or bone) the QTL,
assessments typically
‘Definition’
from IQMP",5,6%,7.5%,,,active,,"QTL updated based on QTL Specification V2.0 document.
As per new guidelines regarding QTL monitoring and mitigation, Clinician is responsible for mitigating
QTLs in CluePoints and generating study QTL report, which must be filed in PTMF as official evidence
of QTL monitoring at final QTL analysis.",TRUE
C2321008,Participants who are,"The percentage of randomized participants who are lost
lost to follow-up or Descriptive to follow-up or withdraw consent from the study for
withdraw consent from definition of OS follow-up
the study for overall the QTL,
survival (OS) follow-up typically
‘Definition’
from IQMP
PFIZER CONFIDENTIAL
TMF Doc ID 928.06
Page 33 of 50
DDooccUUUUIIDD :: 67f560d05b8cc128--e5535d7b--44050c19--9ba89795--4fe7b47a7f94c7501412ae37

CDS01-RF02",7.5,10%,12.5%,o Include subjects where: o DS001_3 Randomization; Randomization Date not missing o DS001_6 Disposition: Follow-Up; Status is “LOST TO FOLLOW-UP” or “WITHDRAWAL o BY SUBJECT” •,o Include subjects where: o DS001_3 Randomization; Randomization Date not missing PFIZER CONFIDENTIAL TMF Doc ID 928.06 Page 35 of 50 DDooccUUUUIIDD :: 67f560d05b8cc128--e5535d7b--44050c19--9ba89795--4fe7b47a7f94c7501412ae37,active,,"QTL updated based on QTL Specification V2.0 document.
As per new guidelines regarding QTL monitoring and mitigation, Clinician is responsible for mitigating
QTLs in CluePoints and generating study QTL report, which must be filed in PTMF as official evidence
of QTL monitoring at final QTL analysis.",TRUE
C2321008,Participants with,"The percentage of randomized participants with non-
missing and/or non-evaluable Descriptive evaluable or missing bone scan assessments at week
bone scan definition of 9 (within window allowed by protocol)
assessments at week 9 the QTL,
typically
‘Definition’
from IQMP",5,7.5%,10%,,,active,,"QTL updated based on QTL Specification V2.0 document.
As per new guidelines regarding QTL monitoring and mitigation, Clinician is responsible for mitigating
QTLs in CluePoints and generating study QTL report, which must be filed in PTMF as official evidence
of QTL monitoring at final QTL analysis.
PFIZER CONFIDENTIAL
TMF Doc ID 928.06
Page 37 of 50
DDooccUUUUIIDD :: 67f560d05b8cc128--e5535d7b--44050c19--9ba89795--4fe7b47a7f94c7501412ae37

CDS01-RF02",TRUE
C2321008,[QTL added as placeholder,"Percentage of randomized participants who have a
and won’t run until data will be Descriptive bone scan assessment of unconfirmed PD and
available] definition of discontinue from study treatment (due to progression)
Percent of randomized the QTL, without a confirmatory bone scan
participants who do not typically
have a confirmatory bone scan ‘Definition’
after unconfirmed bone from IQMP
disease was detected",6,NA,11%,,,active,,"QTL updated based on QTL Specification V2.0 document.
As per new guidelines regarding QTL monitoring and mitigation, Clinician is responsible for mitigating
QTLs in CluePoints and generating study QTL report, which must be filed in PTMF as official evidence
of QTL monitoring at final QTL analysis.",FALSE
C2321014,The % of participants,"The percentage of treated participants who are lost to follow-
who are lost to up or withdraw consent from the study for OS follow-up
follow-up or withdraw relative to the total number of treated participants.
consent from the
study for overall
survival (OS) follow-up
Dataset and [DS001_3]",7.5,10%,12.5%,Include subjects where o DS001_3 Randomization; Randomization Date not missing o DS001_6 Disposition: Follow-Up; Status is “LOST TO FOLLOW-UP” or “WITHDRAWAL o BY SUBJECT” •,"Include subjects where o DS001_3 Randomization; Randomization Date not missing o Comment, if Linked to IQMP Risk ID #13384. applicable QTL updated based on QTL Specification V2.0 document. Statistician confirmed that the denominator should be all randomized subjects even though the QTL definition is “percentage of treated participants”. As per new guidelines regarding QTL monitoring and mitigation, Clinician is responsible for mitigating QTLs in CluePoints and generating study QTL report, which must be filed in PTMF as official evidence of QTL monitoring at final QTL analysis.",active,,,TRUE
C2321014,% of participants with 2,"The percentage of treated participants with at least 2
consecutive nonevaluable/ consecutive non-evaluable or missing disease (soft
missing disease assessments tissue and/or bone) assessments while participants
are on treatment.
Dataset and RECIST [RSIOTA001]",4.5,6%,7.5%,"• On the INVESTIGATOR OVERALL OBJECTIVE TUMOR ASSESSMENT – RECIST 1.1 (IOTA) [RSIOTA001] CRF, if target [RSORRES_TRGRESP_001] or non-target [RSORRES_NTRGRESP_001] or overall assessment [RSORRES_OVRLRESP_001] is “not assessed” or “not evaluable” for two consecutive visits then count patient. • On the INVESTIGATOR OVERALL OBJECTIVE TUMOR ASSESSMENT – RECIST 1.1 (IOTA) [RSIOTA001] CRF, if target [RSORRES_TRGRESP_001] is “NO TARGET LESION AT BASELINE” and non-target [RSORRES_NTRGRESP_001] is “NO NON-TARGET LESION AT BASELINE” and overall assessment [RSORRES_OVRLRESP_001] is “not evaluable” then do not count patient, as these patients can have an overall response of “not evaluable”. • On the PCWG3 CRF forms for FIRST SCAN AFTER TREATMENT INITIATION, POST1- TREATMENT SCAN and POST-TREATMENT SCAN if the Bone Response [RSORRES_BONERESP] is “not evaluable” for two consecutive visits then count patient.","Randomized participants who have reached the second planned follow-up scan visit at week 17. • SV001: SVSTDTC_001 is not null and CPEVENT = CYCLE5_DAY1_WEEK17 or CYCLE6_DAY8_WEEK17_D. Comment, if QTL updated based on QTL Specification V2.0 document. applicable As per new guidelines regarding QTL monitoring and mitigation, Clinician is responsible for mitigating QTLs in CluePoints and generating study QTL report, which must be filed in PTMF as official evidence of QTL monitoring at final QTL analysis.",active,,,FALSE
C2321014,The % of randomized,"The percentage of randomized participants that do not
participants that are receive study treatment.
not treated.
Dataset and [DS001_3]",1.5,2%,4%,Include subjects where DS001_3 Randomization; Randomization Date not missing and o EC001_3 Parenteral - Docetaxel; Start Date Time missing and o EC001_4 Treatment - PF-06821497; Start Date Time missing and o EC001_4_1 Treatment - ENZALUTAMIDE; Start Date Time missing and o EC001_5 PK DOSING - PF-06821497 - EVENING DOSE PRIOR TO CLINIC VISIT (PK o MRD); Start Date Time missing and EC001_5_1 PK DOSING - PF-06821497 - IN CLINIC MORNING DOSE (PK CLINIC); Start o Date Time missing A subject must not be flagged as not dosed in the numerator until it has been >30 days since randomization date. •,"Include subjects where DS001_3 Randomization; Randomization Date not missing o Comment, if As per new guidelines regarding QTL monitoring and mitigation, Clinician is responsible for mitigating applicable QTLs in CluePoints and generating study QTL report, which must be filed in PTMF as official evidence of QTL monitoring at final QTL analysis.",active,,,FALSE
C2321014,Percentage of participants with,"% of treated participants with non-evaluable or
missing and/or non-evaluable missing bone scan assessments at week 9 (within
bone scan assessments at window allowed by protocol)
week 9
Dataset and [TRPCWG104]",3,4.5%,6%,On the PCWG3 CRF form for FIRST SCAN AFTER TREATMENT INITIATION if the Bone Response [RSORRES_BONERESP] is “not evaluable” then count patient.,"Randomized participants who have reached the week 9 visit. • SV001: SVSTDTC_001 is not null and CPEVENT = CYCLE3_DAY1_WEEK9 or CYCLE3_DAY15_WEEK9_D. Comment, if QTL updated based on QTL Specification V2.0 document. applicable As per new guidelines regarding QTL monitoring and mitigation, Clinician is responsible for mitigating QTLs in CluePoints and generating study QTL report, which must be filed in PTMF as official evidence of QTL monitoring at final QTL analysis.",active,,,FALSE
C2321014,Percent of participants who do,"Percentage of treated randomized participants who
not have a confirmatory bone have a bone scan assessment of unconfirmed PD
scan after unconfirmed bone and discontinue from study treatment (due to
disease was detected progression) without a confirmatory bone scan


CDS01-RF02
Dataset and [TRPCWG104]",6,9%,11%,"On the PCWG3 CRF forms for FIRST SCAN AFTER TREATMENT INITIATION, POST1-TREATMENT SCAN and POST-TREATMENT SCAN if the Bone Response is “Progressive Disease Unconfirmed” without having a result of “Progressive Disease” (i.e. confirmed PD) after this and on the Disposition Treatment forms (DS001_5, DS001_5_1, DS001_5_2) the Status [DSDECOD_001_5] is “Progressive Disease”.","Randomized participants who have at least one post-baseline bone scan completed. • Date of Scan is not null for at least one of PCWG104, PCWG105, or PCWG106. Comment, if Secondary limit is missing from C2321014 Quality Tolerance Limit Specification v 1.0 (10-May-2024), applicable however it was confirmed with the Study Team that it should be 9%. In a follow-up revision of the Specification, it will be included. As per new guidelines regarding QTL monitoring and mitigation, Clinician is responsible for mitigating QTLs in CluePoints and generating study QTL report, which must be filed in PTMF as official evidence of QTL monitoring at final QTL analysis.",active,,,FALSE
C3651003,Not Meet the Key Protocol,"Percent of subjects entered into the study that do not meet key
Entry Criteria protocol entry criteria for GDF-15 and/or cachexia",1,,5%,Include subjects where IE002 Inclusion and Exclusion; IESPID_002 is not null or IESPID1_002 is not null o,Include subjects where o DS001_3 Randomization; Randomization Date not missing o • Numerator: Include subjects where IE002 Inclusion and Exclusion; IESPID_002 is not null or IESPID1_002 is not null o,active,,,FALSE
C3651021,Participants lost to follow-up or withdrawal,"The percentage of treated participants who are lost to follow-up or
from the study withdraw consent from the study while ongoing or in follow-up for
Overall Survival (OS) follow-up. (ASRP RISK SR-00845)",5,15%,20%,In DS001_5 where DSDECOD_001 = Withdrawal by Subject Or In DS001_5 where DSDECOD_001 = Lost to follow-up Or In DS001_6 where DSDECOD_001 = Lost to follow-up Or In DS001_6 where DSDECOD_001 = Withdrawal by Subject OR In DS001_7 where DSSTDTC_001 Is not null,In SM_DS001 Where FORMREFNAME = DS001_3 and [DSDECOD_001 = RANDOMIZED] and is not null],active,,,TRUE
C3671013,and,"to
include Season 1
Added QTL for Season 2
4.2.1 KRI 1 updated Rationale and Description
of KRI Logic
4.2.2 KRI 2 removed- AE Reporting
4.2.3 KRI 3 updated Rationale and added a
Comment
4.2.4 KRI 4 removed- Missed Sample Tracking
Non-Immuno Subset Blood Sample
4.2.5 KRI 5 updated Rationale
4.2.6 KRI 6 updated Rationale
4.2.9 KRI 9 updated Rationale, Description of
KRI Logic and Suggestive Correction Actions
4.2.10 KRI 10 updated Rationale
7.0 13-Jun-2022 Revise Added AE Rate
Removed Missed Reactogenicity eDiary Data
Entry KRI
Added Higher proportion of lost to follow-up
compared to other sites",,,,,,active,,"e in Threshold Threshold Threshold
Study (Absolute (Absolute Value)
Value)
Early Termination Yes 22% 25% Above 1.3, 3 2 (High) This KRI will be retired in September
Rate No Below -1.3, -3 1 (Moderate) 2024 - a study specific KRI will be
added once the update is approved
Both 0.5 (Low)
and effective
Protocol Deviation Yes n/a – only n/a – only Above 1.3, 3 2 (High) Study Management will be assigned
Rate No relative score is relative score is Below -1.3, -3 1 (Moderate) to review this signal in Cluepoints
available available Both 0.5 (Low) Oct 2025: Retired for Substudy A&B
AE Rate Yes 0 0.0001 ",FALSE
C3671013,Nasal Swab Compliance,"Percentage calculated as the number of nasal swabs
obtained from respiratory illness visits that meet
protocol criteria for duration of symptoms present for
Season 1.


WI-CDS01-RF02",100,95%,"Specification [TMF ID 001 for 821.07], CESOD006 Parameter section ‘Justification for QTL’, version 1.0, date 30-Aug- 2021. SV001 as QTL KRI_DATA_ENTRY_TIMELI NESS KRI_SEASONS BEOCCUR_001_2 BEOCCUR_001",o count Valid Nasal Swab Collected (site or self) where Sample collection date is 7 days or less from date first respiratory symptom started where DOA on CESOD is not null and First Symptom Started Date is on/prior to Season1End and there has been at least one symptom present for more than 1 day •,o count RI Visits where First Symptom Started Date is on/prior to Season1End and DOA on CESOD is not null and there has been at least one symptom present for more than 1 day,active,,"14-Dec-2023: Retiring QTL as Season 1 has ended


WI-CDS01-RF02",TRUE
C3671013,Nasal Swab Compliance,"Percentage of Illness visits, that are captured on the
Season 2 eCRF (InForm) with an associated Nasal swab (either
self-collected or collected at the site Illness Visit) with
symptoms starting after ARI surveillance date in RSV
Season2.
Dataset and SM_BEETRK",100,95%,90%,o count Valid Nasal Swab Collected (site or self) where Sample collection date is 7 days or less from date first respiratory symptom started where DOA on CESOD is not null and First Symptom Started Date is on/after Season 2 Start and there has been at least one symptom present for more than 1 day •,"o count RI Visits where First Symptom Started Date is on/after Season2Start and DOA on CESOD is not null and there has been at least one symptom present for more than 1 day Comment, if 14-Dec-2023: QTL to be retired as Season 2 has ended applicable",active,,,TRUE
C3671013,Collection of,"Percentage of immunogenicity samples collected and
Immunogenicity shipped. Calculated as the actual number of participants who
samples in Sub-Study receive vaccination and provide the 1-month blood sample
A within window (27- 42 days after vaccination) divided by the
number of participants expected to provide the 1-month blood
sample at the time of each review.",100,95%,90%,o Count of BEOCCUR_CMP_001 = YES when (BEDTC_001 - ECSTDTC_001_2) = between 27 to 42 days,"o Count of ECSTDTC_001_2 is not NULL Comment, if 13-Aug-2025: Retiring QTL as no additional samples will be collected for 1MPD and mitigations have been applicable completed",active,,,FALSE
C3671013,Collection of,"Percentage of immunogenicity samples collected and
Immunogenicity shipped. Calculated as the actual number of participants
samples in Sub-Study who receive vaccination and provide the window (27-42
B days after vaccination) divided by the number of participants
expected to provide the 1-month blood sample at the time of
each review.",100,95%,90%,o Count of BEOCCUR_CMP_001 = YES when (BEDTC_001 - ECSTDTC_001_2) = between 27 to 42 days,"Count of ECSTDTC_001_2 is not NULL Comment, if 26-Jan-2024: Retiring QTL as no additional samples will be collected for 1MPD and mitigations have been applicable completed",active,,,FALSE
C3671013,Collection of,"Percentage of Year 3 1MPD (V302) immunogenicity samples
Immunogenicity collected and shipped. Calculated as the actual number of
samples in Sub-Study participants who receive vaccination and provide the 1-month
C (Year 3 blood sample within window (27-42 days after vaccination)
1MPD) divided by the number of participants expected to provide the
1-month blood
sample at the time of each review.",100,95%,90%,o Count of BEOCCUR_CMP_001 = YES when (BEDTC_001 - ECSTDTC_001_2) = between 27 to 42 days,"o Count of ECSTDTC_001_2 is not NULL Comment, if 27-Jun-2025: Retiring QTL as no additional samples will be collected for 1MPD and mitigations have been applicable completed",active,,,FALSE
C3671013,Collection of,"Percentage of Year 4 1MPD (V305) immunogenicity samples
Immunogenicity samples in collected and shipped. Calculated as the
Sub-Study C (Year 4 actual number of participants who receive vaccination and
1MPD) provide the 1-month blood sample within
window (27-42 days after vaccination) divided by the number
of participants expected to provide the 1-month blood sample
at the time of each review.",100,95%,90%,o Count of BEOCCUR_CMP_001 = YES when (BEDTC_001 - ECSTDTC_001_2) = between 27 to 42 days,"o Count of ECSTDTC_001_2 is not NULL Comment, if 17-Oct-2025: As per new guidelines regarding QTL monitoring and mitigation, Clinician is responsible for applicable mitigating QTLs in Clue Points and generating study QTL report, which must be filed in PTMF as official evidence of QTL monitoring at final QTL analysis.",active,,,FALSE
C3671013,The % of subjects who,"The proportion of subjects who received the Year 4
completed the Year 4 vaccination. Percent is calculated as the actual
vaccination number of participants who received the Year 4 vaccination at
V304 divided by the total number of
participants who received the Year 3 vaccination
at V301",100,95%,90%,Count of number of participants who received the Year 4 vaccination at V304 o •,"Count of number of participants who received the Year 3 vaccination at V301 and completed 386 o Days After Vaccination at Visit 301 Comment, if 17-Oct-2025: As per new guidelines regarding QTL monitoring and mitigation, Clinician is responsible for applicable mitigating QTLs in Clue Points and generating study QTL report, which must be filed in PTMF as official evidence of QTL monitoring at final QTL analysis.",active,,,FALSE
C3671058,Collection of immunogenicity,"Percentage of participants in the coadministration
Sample Grp 1 group who have all their immunogenicity samples
collected through visit 4.


CDS01-RF02
Dataset and DS001_3 RANDOMIZATION",90,,80%,"Total 3 Samples (1 per visit) will be collected from each vaccinated subject on the required visits (V1, 2, and 4). If fewer samples are collected than visits completed, subject-visit be flagged as non-compliant.","Total number of subjects vaccinated (at V1) in group 1. Numerator: Include subjects where: • dosed meaning dose date [ECSTDTC_001] is not missing on TREATMENT – VACCINATION [EC001_2] [EC001_2_1] • STUDY COHORT [R_COHORT_012] - in: COHORT Group 1 – Coadministration • Subject has completed a sample collection visit (V1, 2, and 4) [SVSTDTC_001] is not null • barcode BEREFID_012 is like “tube” that indicates sample collection Denominator: Include subjects where: • dosed meaning dose date [ECSTDTC_001] is not missing on TREATMENT – VACCINATION [EC001_2] [EC001_2_1] • STUDY COHORT [R_COHORT_012] - in: COHORT Group 1 – Coadministration Comment, if 05-Sep-2025: Retiring this QTL as all the samples for the study have been collected. applicable",active,,,TRUE
C3671058,Collection of immunogenicity,"Percentage of participants in the sequential-
Sample Grp 2 administration group who have all their
immunogenicity samples collected through visit 4
Dataset and DS001_3 RANDOMIZATION",90,,80%,"Total 4 Samples (1 per visit) will be collected from each vaccinated subject on the required visits (V1, 2, 3, and 4). If fewer samples are collected than visits completed, subject-visit be flagged as non-compliant.","Total number of subjects vaccinated (at V1) in group 2. Numerator: Include subjects where: • dosed meaning dose date [ECSTDTC_001] is not missing on TREATMENT – VACCINATION [EC001_2] [EC001_2_1] • STUDY COHORT [R_COHORT_012] - in: COHORT Group 2 – Seq. Admin • Subject has completed a sample collection visit (V1, 2, 3, and 4) [SVSTDTC_001] is not null • barcode BEREFID_012 is like “tube” that indicates sample collection Denominator: Include subjects where: • dosed meaning dose date [ECSTDTC_001] is not missing on TREATMENT – VACCINATION [EC001_2] [EC001_2_1] • STUDY COHORT [R_COHORT_012] - in: COHORT Group 2 – Seq. Admin",active,,,TRUE
C3671059,Day1 Blood Sample,"Percentage of Day 1 blood sample collected for each
Collected enrolled participant in Cohort 3 and randomized
participants in cohorts 1 and 2.
Dataset and BEETRK001",100,95%,90%,Include subjects from Cohort 3 where o X_SAS001 Cohort Selection; Participant belongs to Cohort 3 o BEETRK001 Electronic Sample Tracking; Sample Collected is Yes and Sample Collection Date not missing o SV001 Date of Visit; Date of Visit not missing for visit V301_DAY1 Include subjects from Cohort 1 and 2 where o R_TRIG001_1 Trigger Form; Study Population is Pregnant Participant o X_SAS001 Cohort Selection; Participant belongs to either Cohort 1 or 2 o DS001_3 Randomization; Randomization Date and Number not missing o BEETRK001 Electronic Sample Tracking; Sample Collected is Yes and Sample Collection Date not missing if [(ECSTDTC_001_2 - BEDTC_001) <=7 Days or if( datepart(ECSTDTC_001_2) = datepart(BEDTC_001) and timepart(BEDTC_001) < timepart(ECSTDTC_001_2)) •,Include subjects from Cohort 3 where o X_SAS001 Cohort Selection; Participant belongs to Cohort 3 Include subjects from Cohort 1 and 2 where o R_TRIG001_1 Trigger Form; Study Population is Pregnant Participant o X_SAS001 Cohort Selection; Participant belongs to either Cohort 1 or 2 o DS001_3 Randomization; Randomization Date and Number not missing Note- Per Study Team’s request the presence of Sample ID (BEREFID_001) will not be used in determining if a sample is collected,active,,,TRUE
C3671059,Delivery Blood Draw,"Percentage of vaccinated pregnant participants in
from Mother Cohorts 1 and 2 who had their blood drawn within 48
hours of Delivery
Dataset and BEETRK001",95,93%,90%,Include subjects from Cohort 1 and 2 where o R_TRIG001_1 Trigger Form; Study Population is Pregnant Participant o EC001_2 Vaccination; Actual Dose and Dose Date are not missing o RPPRG002 Pregnancy Outcome; Date Time of Delivery not missing o BEETRK001 Electronic Sample Tracking; Sample Collected is Yes and Sample Collection Date not missing for V203_DELIVERY Visit when BEDTC_001 - RPORRES_DELIVD_PRGDLDT_002 <= 2 Days •,"Include subjects from Cohort 1 and 2 where o R_TRIG001_1 Trigger Form; Study Population is Pregnant Participant o EC001_2 Vaccination; Actual Dose and Dose Date are not missing o RPPRG002 Pregnancy Outcome; Date Time of Delivery not missing Note- Per Study Team’s request the presence of Sample ID (BEREFID_001) will not be used in determining if a sample is collected Comment, if applicable",active,,,FALSE
C3671059,Cord Blood Draw from,"Percentage of infant participants who had their cord
Infants blood drawn at birth or blood sample collected within
first 24 hours but up to 7 days after birth


CDS01-RF02 C3671059
Dataset and BEETRK001_2",95,93%,90%,Include subjects from Cohort 1 and 2 where o R_TRIG001_1 Trigger Form; Study Population is Infant o DS001_2 Enrollment; Enrollment Date and Number are not missing o BEETRK001_2 Electronic Sample Tracking- Infant Serology; Sample Collected is Yes and Sample Collection Date not missing for V101_DAY1 Visit when BEDTC_001 - DSSTDTC_001_2 <= 7 Days •,"Include subjects from Cohort 1 and 2 where o R_TRIG001_1 Trigger Form; Study Population is Infant o DS001_2 Enrollment; Enrollment Date and Number are not missing Note- Per Study Team’s request the presence of Sample ID (BEREFID_001) will not be used in determining if a sample is collected Comment, if applicable",active,,,FALSE
C4221015,Percentage of,"The percentage of participants who:
participants 1. take subsequent anticancer therapy or undergo
permanently censored metastasectomy procedures
for PFS by BICR 2. Missed > 2 tumor assessments
assessment at the 3. Withdraw consent from study
primary analysis (in 4. Lost to follow-up
Phase 3)


CDS01-RF02
Dataset and [PFS_QTL]",10,15%,20%,o Include ALL subjects in [PSF_QTL] where [EVNTDESC] is equal to START OF NEW ANTI-CANCER THERAPY or WITHDRAWAL OF CONSENT or LOST TO FOLLOW-UP or EVENT AFTER >= 2 MISSING OR INADEQUATE POST-BASELINE ASSESSMENTS •,"Total Number of Randomized Subjects o [DS001_3] Randomization; [DSSTDTC_001_3] Randomization Date not missing Comment, if Progression Free Survival [PFS_QTL] file provided for the calculation monthly after 3rd Monday of each applicable month. Retired as of 06MAY25.",active,,,FALSE
C4221015,Percentage of,"The number of participants who are local positive, central
participants with negative.
discordant local
positive and central
negative BRAF results
(in Phase 3)


CDS01-RF02
Dataset and BRAF CENTRAL",2.5,N/A,3%,Include randomized subjects who have BRAF Local Reading as Positive and BRAF Central Reading as NOT DETECTED o Subjects who are randomized and have Local Reading: [Z_MBIO001_4] where [Z_MBIOANL_001] is equal to BRAF and [Z_MBIOQLR_001] = Positive AND who have Central Reading: [Z_MBIO014] where [MBIOANL] is equal to BRAF and [MBIOQLR] is NOT DETECTED •,"Total Number of Randomized Subjects o [DS001_3] Randomization; [DSSTDTC_001_3] Randomization Date not missing Comment, if Retired. applicable",active,,,FALSE
C4221015,Percentage of,"The number of participants who are either
participants with 1. local positive, central negative
discordant or 2.local positive, central indeterminate
unconfirmed local and 3. local positive, central test not done
central BRAF results 4. missing Central BRAF reading samples after 30 days
(in Phase 3) post-randomization date


CDS01-RF02
Dataset and BRAF LOCAL",5,N/A,6%,Include randomized subjects who have BRAF Local Reading as Positive and BRAF Central Reading as NOT DETECTED or INDETERMINATE or TEST NOT DONE AND randomized subjects for whom BRAF Central Reading is MISSING 30 days post-randomization. Subjects who are randomized and either: o have Local Reading: [Z_MBIO001_4] where [Z_MBIOANL_001] is equal to BRAF and [Z_MBIOQLR_001] = Positive AND who have Central Reading: [Z_MBIO014] where [MBIOANL] is equal to BRAF and [MBIOQLR] is NOT DETECTED or INDETERMINATE or NOT DONE OR o Central BRAF record is missing after 30 days post-randomization date (i.e. > 30 days between the date of transfer of the Central BRAF readings (which occurs on 3rd Thursday of each month) and the randomization date [DSSTDTC_001] from Randomization form [DS001_3]),"Total Number of Randomized Subjects [DS001_3] Randomization; [DSSTDTC_001_3] Randomization Date not missing Comment, if QTL3 logic updated at the time of KRI F/U5 QTL analysis based on QTL Plan Ver 6.0 dated: 02-May-2023 applicable by adding condition 4.0 from QTL Definition section. Retired.",active,,,FALSE
C4221015,Percentage of,"The percentage of participants who are local positive,
participants with central negative.
discordant local
positive and central
negative BRAF results
(in Cohort 3)
Dataset and BRAF CENTRAL",2.5,N/A,3%,Include randomized subjects who have BRAF Local Reading as Positive and BRAF Central Reading as NOT DETECTED Subjects who are randomized and have Local Reading: [Z_MBIO001_4] where [Z_MBIOANL_001] is equal to BRAF and [Z_MBIOQLR_001] = Positive AND who have Central Reading: [Z_MBIO014] where [MBIOANL] is equal to BRAF and [MBIOQLR] is NOT DETECTED,"Total Number of Randomized Subjects o [DS001_3] Randomization; [DSSTDTC_001_3] Randomization Date not missing Comment, if Retired as of 06MAY25 applicable",active,,,FALSE
C4221015,Percentage of,"The percentage of participants who are either:
participants with
discordant or 1. Local positive, central negative
unconfirmed local or 2. Local positive, central indeterminate
central BRAF results 3. Local positive, central test not done
(in Cohort 3) 4. missing Central BRAF reading samples after 30 days
post-randomization date
Dataset and BRAF LOCAL",5,N/A,6%,include randomized subjects who have BRAF Local Reading as Positive and BRAF Central Reading as NOT DETECTED or INDETERMINATE or TEST NOT DONE AND randomized subjects for whom BRAF Central Reading is MISSING 30 days post-randomization. Subjects who are randomized and either: o Have Local Reading [Z_MBIO001_4] where [Z_MBIOANL_001] is equal to BRAF and [Z_MBIOQLR_001]= Positive AND who have Central Reading: [Z_MBIO014] where [MBIOANL] is equal to BRAF and [MBIOQLR] is NOT DETECTED or INDETERMINATE or NOT DONE OR o Central BRAF record is missing after 30 days post-randomization date (i.e. > 30 days between the date of transfer of the Central BRAF readings (which occurs on 3rd Thursday of each month) and the randomization date [DSSTDTC_001] from the Randomization form [DS001_3]) •,"Randomized subjects ([DS001_3] Randomization; [DSSTDTC_001_3] Randomization Date not missing) Comment, if QTL5 logic updated at the time of KRI F/U5 QTL analysis based on QTL Plan Ver 6.0 dated: 02-May-2023 applicable by adding condition 4.0 from QTL Definition section. Retired as of 06MAY25.",active,,,FALSE
C4221015,% of patients that do,"In cohort 3: Patients without adequate baseline tumor
not have an adequate assessment by BICR prior to randomization or up to the
tumor assessment by date of first dose. Or patients without adequate post
BICR in cohort 3 baseline tumor assessment by BICR that is defined as an
assessment where a response of CR, PR, SD or PD can be
determined.
Dataset and [ADRSB with variable",,N/A,20% patients of,o Include ALL subjects in COHORT 3 from dataset ADRSB with variable PARAMCD=” BOR_C” and variable AVAL >6 < 6.7 •,"Total Number of Randomized Subjects o [DS001_3] Randomization; [DSSTDTC_001_3] Randomization Date not missing. Comment, if QTL should be based on best response = NE [Best Confirmed Response] file provided for the calculation applicable monthly after 3rd Monday of each month. Retired as of 06MAY25",active,,,FALSE
C4221022,% of participants with two,"% of participants with two consecutive non-
consecutive non evaluable/missing disease assessments
evaluable/missing disease
assessments


WI-CDS01-RF02
Dataset and RECIST (RSIOTA001)",5,NA,10%,,,active,,,TRUE
C4591048,to Key blood,,,,,,,active,,"in Study Risk Threshold Threshold
(Absolute Value)
Early Termination Rate Yes n/a – only relative Above 1.3, 3 2 (High) Retired from Standard KRIs, we moved it
No score is available Below -1.3, -3 1 (Moderate) to SSKRIs
Both 0.5 (Low)
Protocol Deviation Rate Yes n/a – only relative Above 1.3, 3 2 (High) For creating an action, please use
No score is available Below -1.3, -3 1 (Moderate) Suggested Actions library for Standard
KRI
Both 0.5 (Low)
Study Management will be assigned to
review this signal in Cluepoints
AE Rate Yes n/a – only relative Above 1.3, 3 2 (High) For creating an action, plea",FALSE
C4591048,Key blood sample collection -,"Percentage of subjects who provide an immunogenicity blood
Post Dose 1 (Sub-study A- sample at baseline and the 1month post Dose 1 (A301 and
Phase 2,3 _ Group 2_greater A302)
than or equal to 6 mo to less
than 2 years) Calculated as the cumulative number of subjects with a
collected sample divided by the cumulative number of
subjects vaccinated.",90,85%,80%,Include subjects where o DS001_3 Randomization; Randomization Date not missing o Collected Immunogenicity Blood Samples at Baseline and 1 Month Post Vaccination o •,"Include subjects where o DS001_3 Randomization; Randomization Date not missing o Subjects Completed Vaccination o Comment, if This QTL is going to be retired (March 2025) because the baseline samples are completed, and we don’t expect more applicable blood samples. 8.0.2. Key blood sample collection - Post Dose 3 (Sub-study A-Phase 2,3 _ Group 3_greater than or equal to 6 mo to less than 2 years) [RETIRED]",active,,,TRUE
C4591048,Key blood sample collection -,"Percentage of subjects who provide an immunogenicity blood
Post Dose 3 (Sub-study A- sample at baseline and the 1 month post Dose 3 (A401 and
Phase 2,3 _ Group 3_greater A405)
than or equal to 6 mo to less
than 2 years) Calculated as the cumulative number of subjects with a
collected sample divided by the cumulative number of
subjects vaccinated.

RBM SOLUTION SETUP FORM
DMB07-DMB08-WI-
15-Apr-2022
DMM01-RF02 6.0 C4591048",90,85%,80%,Include subjects where o DS001_3 Randomization; Randomization Date not missing o Collected Immunogenicity Blood Samples at Baseline and 1 Month Post Vaccination o •,"Include subjects where o DS001_3 Randomization; Randomization Date not missing o Subjects Completed Vaccination o Comment, if This QTL is going to be retired (March 2025) because the baseline samples are completed, and we don’t expect more applicable blood samples. 8.0.3. Key blood sample collection - Post Dose 1 (Sub-study A-Phase 2,3 _ Group 4_greater than or equal to 2 years to less than 5 years) [RETIRED]",active,,,TRUE
C4591048,Key blood sample collection -,"Percentage of subjects who provide an immunogenicity blood
Post Dose 1 (Sub-study A- sample at baseline and the 1 month post Dose 1 (A501 and
Phase 2,3 _ Group 4_greater A502)
than or equal to 2 years to less
than 5 years) Calculated as the cumulative number of subjects with a
collected sample divided by the cumulative number of
subjects vaccinated.",90,85%,80%,Include subjects where o DS001_3 Randomization; Randomization Date not missing o Collected Immunogenicity Blood Samples at Baseline and 1 Month Post Vaccination o •,"Include subjects where o DS001_3 Randomization; Randomization Date not missing o Subjects Completed Vaccination o Comment, if This QTL is going to be retired (March 2025) because the baseline samples are completed, and we don’t expect more applicable blood samples. 8.0.4. Nasal swab obtained at the time of a potential COVID-19 illness (Sub-study A Phase 2,3)",active,,,TRUE
C4591048,Nasal swab obtained at,"Cumulative percentage calculated as the cumulative number of
the time of a potential nasal swabs obtained from confirmed symptoms triggering
COVID-19 illness (Sub- illness/telehealth illness consultations divided by the cumulative
study A Phase 2,3) number of all illness visits with symptoms (which should therefore
have a corresponding swab)",90,85%,80%,Nasal Swab Collected (Self/Site) at COVID Visit or Microbiology Specimen COVID Test date not null o •,Counts of SOD form has date entered o,active,,"8.0.5. Key blood sample collection -Post Vaccination (Sub-study E_Group 2_greater than or equal to 5 years to less than 12
years) [RETIRED]",TRUE
C4591048,Key blood sample,"Percentage of subjects who provide an immunogenicity blood
collection -Post sample at baseline and the 1 month post vaccination visit
Vaccination (Sub-study (E201 and E202)
E_Group 2_greater Calculated as the cumulative number of subjects with a
than or equal to 5 years collected sample divided by the cumulative number of
to less than 12 years) subjects vaccinated.",90,85%,80%,o Include subjects where o DS001_3 Randomization; Randomization Date not missing o Collected Immunogenicity Blood Samples at Baseline and 1 Month Post Vaccination •,o Include subjects where o DS001_3 Randomization; Randomization Date not missing o Subjects Completed Vaccination o,active,,"This QTL will not be run from now (Jan-2025) because we have removed Sub Study E (that substudy is now
completed)
8.0.6. Nasal swab obtained at the time of a potential COVID-19 illness (Substudy E) [RETIRED]",TRUE
C4591048,Nasal swab obtained at,"Cumulative percentage calculated as the cumulative number of
the time of a potential nasal swabs obtained from confirmed symptoms triggering
COVID-19 illness illness/telehealth illness consultations divided by the cumulative
(Substudy number of all illness visits with symptoms (which should therefore
E) have a corresponding swab)

RBM SOLUTION SETUP FORM
DMB07-DMB08-WI-
15-Apr-2022
DMM01-RF02 6.0 C4591048",90,85%,80%,• Nasal Swab Collected (Self/Site) at COVID Visit or Microbiology Specimen COVID Test date not null •,• Counts of SOD form has date entered,active,,"This QTL will not be run from now (Jan-2025) because we have removed Sub Study E (that substudy is now
completed)

RBM SOLUTION SETUP FORM
DMB07-DMB08-WI-
15-Apr-2022
DMM01-RF02 6.0 C4591048",TRUE
C4591076,Key blood sample,"Percentage of subjects who provide a blood sample at the 1-
collection - Post Dose 1 month post vaccination visit calculated as the cumulative number
(Cohort 2) of subjects with a collected sample divided by the cumulative
number of subjects vaccinated.",90,85%,80%,Include subjects that have: o vaccinated subjects (EC001_2 where ECSTDTC_001 is not missing) and o have Immunogenicity Blood Samples (BEETRK012 where CPEVENT is V202_MONTH1) collected. o,Include vaccinated subjects (EC001_2 where ECSTDTC_001 is not missing). o,active,,Clinical will mitigate or comment in QTL’s dashboard based on the latest process.,TRUE
C4591081,Key Blood Sample Collection -,"Percentage of subjects who provide a blood sample
V1 and 1-Month Post at V1 and 1-month post vaccination visits calculated
Vaccination Visits as the cumulative number of V1 and 1-month post
vaccination visits with a collected sample divided by
the cumulative number of V1 and 1-month post
vaccination visits performed.


CDS01-RF02
Dataset and Electronic Sample Tracking",90,85%,80%,Subject-visits of vaccinated participants with a blood sample collected.,"All subject-visits. *Sufficient number of immunogenicity serum samples >= 1 Comment, if As per new guidelines regarding QTL monitoring and mitigation, Clinician is responsible for mitigating QTLs applicable in CluePoints and generating study QTL report, which must be filed in PTMF as official evidence of QTL monitoring at final QTL analysis.",active,,,TRUE
C4591081,% of participants completed the Safety Follow-Up Visit 5,"Proportion of subjects
with safety follow up visit
completed at 6 months
follow-up visit post
vaccination. Based on
vaccination date,
calculated as the
cumulative
number of participants
with a safety follow-up
visit divided by the
cumulative number of
participants expected
to have had their safety
follow-up visit based on
vaccination date.
Dataset and TREATMENT – VACCINATION (EC001_2) Justification Important to provide long
Variable • ECSTDTC_001 for term safety follow up data
Parameter as for the study
DATE OF VISIT (SV001) QTL intervention’s profile.
• SVSTDTC_001
• CPEVENT",90,,,Vaccinated subjects that have completed the V5_MONTH6_POSTVAX visit. • Subjects in TREATMENT – VACCINATION (EC001_2) form: - where “Dose Date Time (ECSTDTC_001)” is not missing • Vaccinated Subjects in DATE OF VISIT (SV001) form - where “Visit Name (CPEVENT)” = V5_MONTH6_POSTVAX - and “Date of Visit (SVSTDTC_001)” is not missing,"Vaccinated subject that are expected to have the V5_MONTH6_POSTVAX completed (subjects that have reached 175+ days since their vaccination). • Subjects in TREATMENT – VACCINATION (EC001_2) form: - Where “Dose Date Time (ECSTDTC_001)” is not missing - *” Days Since Vaccination” >= 175 *” Days Since Vaccination” is calculated: (Current Analysis Date – Dose Date Time). Comment, if As per new guidelines regarding QTL monitoring and mitigation, Clinician is responsible for mitigating QTLs in applicable CluePoints and generating study QTL report, which must be filed in PTMF as official evidence of QTL monitoring at final QTL analysis.",active,,,FALSE
C4591081,Nasal Swab Sample Collection,"Percentage of covid illness visits that are associated
with presented non-ongoing symptoms and have
nasal swab samples collected within 4 days after
symptom resolution is calculated as the cumulative
number of covid illness visits that are associated
with presented non-ongoing symptoms and have
nasal swab samples collected within 4 days after
symptom resolution by the number of covid illness
visits that are associated with presented non-
ongoing symptoms.


CDS01-RF02
Dataset and Sample Collection and Tracking",90,N/A,85%,"COVID ILLNESS visits that are associated with non-ongoing symptoms and have nasal swab samples collected within 4 days from last symptom resolution date. • Subjects in TREATMENT – VACCINATION (EC001_2) form: - where “Dose Date Time (ECSTDTC_001)” is not missing • Subject-visits of vaccinated subjects in DATE OF VISIT (SV001) form: - where “Date of visit (SVSTDTC_001)” is not missing - where “Visit Name (CPEVENT)” in [COVID_ILLNESS, COVID_REPEAT_SWAB] • Subject-visits with non-ongoing COVID symptoms in POTENTIAL CLINICAL ENDPOINT ASSESSMENT - POTENTIAL COVID-19 ILLNESS (CEPEA084) form: - where “Any Symptoms Ongoing (X_CEONGO_084) = “NO” - where “Date Last Symptom Resolved (CEENDTC_084_DTS)” is not missing - where “Symptom Occurred (FAORRES_OCCUR_084)” = “YES” • Nasal swab samples at COVID ILLNESS visits in Sample Collection and Tracking Data (TruLab) (SM_BEETRK012) data: - where “Sample collection date (BEDTC_012_DTS)” is not missing - where “Sample type (BESCAT_012)” in [NASAL_SWAB, NA","COVID ILLNESS visits that are associated with presented non-going symptoms. • Subjects in TREATMENT – VACCINATION (EC001_2) form: - where “Dose Date Time (ECSTDTC_001)” is not missing • Subject-visits of vaccinated subjects in DATE OF VISIT (SV001) form: - where “Date of visit (SVSTDTC_001)” is not missing - where “Visit Name (CPEVENT)” in [COVID_ILLNESS, COVID_REPEAT_SWAB] • Subject-visits with presented non-ongoing COVID symptoms in POTENTIAL CLINICAL ENDPOINT ASSESSMENT - POTENTIAL COVID-19 ILLNESS (CEPEA084) form: - where “Any Symptoms Ongoing (X_CEONGO_084) = “NO” - where “Date Last Symptom Resolved (CEENDTC_084_DTS)” is not missing - where “Symptom Occurred (FAORRES_OCCUR_084)” = “YES” Comment, if As per new guidelines regarding QTL monitoring and mitigation, Clinician is responsible for mitigating QTLs applicable in CluePoints and generating study QTL report, which must be filed in PTMF as official evidence of QTL monitoring at final QTL analysis.",active,,,FALSE
C4591082,Key blood sample,"Percentage of subjects who provide a blood
collection - Post Dose 1 sample at the 1-month post vaccination visit
calculated as the cumulative number of subjects
with a collected sample divided by the cumulative
number of subjects vaccinated and are expected
to have the samples collected.
Dataset and Sample Collection and Tracking",90,85%,80%,Vaccinated subjects that have collected a *sufficient number of immunogenicity serum samples at V2_MONTH1_POSTVAX. • Subjects in TREATMENT – VACCINATION (EC001_2) form: - where “Dose Date Time (ECSTDTC_001)” is not missing • Vaccinated subjects with samples in Sample Collection and Tracking Data (TruLab) (SM_BEETRK012) data: - where “Blood Sample Collection Date (BEDTC_012_DTS)” is not missing - where “Visit Name (CPEVENT)” = V2_MONTH1_POSTVAX - where “Aliquot Date (R_ALIQUOT_TS_012_DTS)” is not missing - where “Sample Type (BESCAT_012)” = SERUM - where “Skipped Aliquot (R_ALIQUOT_SKIPPED_012)” = FALSE - where “Disposed Aliquot (R_DISPOSED_012)” = FALSE *Sufficient number of immunogenicity serum samples >= 1,All vaccinated subjects that are expected to have the samples collected at V2_MONTH1_POSTVAX (subjects that have reached 35+ days since their vaccination) • Subjects in TREATMENT – VACCINATION (EC001_2) form: - where “Dose Date Time (ECSTDTC_001)” is not missing - *” Days Since Vaccination” >= 175 *” Days Since Vaccination” is calculated: (Current Analysis Date – Dose Date Time).,active,,,TRUE
C4591082,% of participants completed the Safety,"Percentage of participants with safety follow
Follow-Up Visit 3 up visit completed at 6 months follow-up
visit post vaccination. Based on vaccination
date, calculated as the cumulative number
of participants with a safety follow-up visit
divided by the cumulative number of
participants expected to have had their
safety follow-up visit based on vaccination
date.
Dataset and TREATMENT – VACCINATION",90,,85%,Vaccinated subjects that have completed the V3_MONTH6_POSTVAX visit. • Subjects in TREATMENT – VACCINATION (EC001_2) form: - where “Dose Date Time (ECSTDTC_001)” is not missing • Vaccinated Subjects in DATE OF VISIT (SV001) form - where “Visit Name (CPEVENT)” = V3_MONTH6_POSTVAX - and “Date of Visit (SVSTDTC_001)” is not missing,Vaccinated subject that are expected to have the V3_MONTH6_POSTVAX completed (subjects that have reached 175+ days since their vaccination). • Subjects in TREATMENT – VACCINATION (EC001_2) form: - Where “Dose Date Time (ECSTDTC_001)” is not missing - *” Days Since Vaccination” >= 175 *” Days Since Vaccination” is calculated: (Current Analysis Date – Dose Date Time).,active,,,FALSE
C4601003,3 Doses Completed,"The proportion of subjects who received all 3 doses. Percent is
calculated as count/total received 1st dose at that timepoint,
excluding all subjects from sites 1284, 1285, 1286, 1288, 1289,
1292 1293, and 1294 consistent with SQE PR#2214239",92.5,NA,90%,"count number of subjects where Vaccination Date is completed for Vax1, Vax2 and Vax3 where Dose Date is NOT NULL and <if> disposition primary vax eCRF (EOT) is not null – OR – Long Term Follow Up (LTFUP) is not null –OR – the Disposition Follow up (FUP) is not null – AND – excluding all subjects from sites 1284, 1285, 1286, 1288, 1289, 1292 1293, and 1294 •","count number of subjects where Vaccination Date is completed for Vax1, and <if> disposition primary vax eCRF (EOT) is not null – OR – Long Term Follow Up (LTFUP) is not null –OR – the Disposition Follow up (FUP) is not null – AND – excluding all subjects from sites 1284, 1285, 1286, 1288, 1289, 1292 1293, and 1294",active,,"As of October 2024 analysis, the 3 Booster QTL is retired. All participants have completed this portion of the study.
With no new data coming in for these visits, any data changes would have little impact on the QTL calculation
throughout the remainder of the study.",TRUE
C4601003,Booster Dose Completed,"The proportion of subjects who received the booster. Percent is
calculated as count/total received 3rd dose at that timepoint,
excluding all subjects from sites 1284, 1285, 1286, 1288, 1289,
1292 1293, and 1294 consistent with SQEPR#2214239.",92.5,NA,90%,"count number of subjects where Vaccination Date is completed for Vax3 and Vax4 where Dose Date is NOT NULL and <if> disposition primary vax eCRF (EOT) is not null – OR – Long Term Follow Up (LTFUP) is not null –OR – the Disposition Follow up (FUP) is not null – AND – excluding all subjects from sites 1284, 1285, 1286, 1288, 1289, 1292 1293, and 1294 •","count number of subjects where Vaccination Date is completed for Vax3, and <either> DOV entered for V6– OR – Long Term Follow Up (LTFUP) is not null –OR – the Disposition Follow up (FUP) is not null – AND – excluding all subjects from sites 1284, 1285, 1286, 1288, 1289, 1292 1293, and 1294",active,,"As of June 2025 analysis, the Booster Dose QTL is retired. All participants have completed this portion of the study.
With no new data coming in for these visits, any data changes would have little impact on the QTL calculation
throughout the remainder of the study.",FALSE
C4601003,Lyme Samples Collected,"The proportion of subjects with at least 1 sample collected at
illness acute visit or convalescent visit. Excluding all subjects
from sites 1284, 1285, 1286, 1288, 1289, 1292 1293, and 1294
consistent with SQE PR#2214239. Percent is calculated as
count/total for suspected Lyme visits with at least 1 clinical
sign/symptom after 1st dose.",100,NA,95%,"count number of subjects where date of visit for Suspected LD Acute Visit is NOT NULL or date of visit for Suspected LD Convalescent Visit is NOT NULL where Lyme Disease Visit identifiers are equal and Signs and Symptoms of Lyme Disease Symptom Present equals YES or Signs and Symptoms of Lyme Disease Symptom – Other Text is not null or Signs and Symptoms of Lyme Disease – Details Was Symptom Present is NOT NULL, and Electronic Sample Tracking - Serum CRF Sample Collected equals YES or Electronic Sample Tracking - Plasma CRF Sample Collected equals YES or Electronic Sample Tracking - Biopsy CRF Sample Collected equals YES •",count number of subjects where date of visit for Suspected LD Acute Visit is NOT NULL or date of visit for Suspected LD Convalescent Visit is NOT NULL where Lyme Disease Visit identifiers are equal and Signs and Symptoms of Lyme Disease Symptom Present equals YES or Signs and Symptoms of Lyme Disease Symptom – Other Text is not null or Signs and Symptoms of Lyme Disease – Details Was Symptom Present is NOT NULL,active,,"Calculation excludes all subjects from sites 1284, 1285, 1286, 1288, 1289, 1292 1293, and 1294 consistent with SQE
PR#2214239.",FALSE
C4601003,Post-Booster,"The proportion of the subjects with sero sample collected
Immunogenicity Sample 1 mo post booster dose among the subjects receiving the all
Collected primary series and booster dose. Excluding all subjects from
sites 1284, 1285, 1286, 1288, 1289, 1292 1293, and 1294
consistent with SQE PR#2214239.",100,NA,95%,count number of subjects where Date of Completion on Disposition – Booster Vaccination is NOT NULL and status equals COMPLETED and ETRK – Serum at visit 7 was sample collected •,count number of subjects where Date of Completion on Disposition – Booster Vaccination is NOT NULL and status equals COMPLETED,active,,"Calculation excludes all subjects from sites 1284, 1285, 1286, 1288, 1289, 1292 1293, and 1294 consistent with SQE
PR#2214239.
As of June 2025 analysis, the Post Booster Immunogenicity Sample Collected QTL is retired. The majority of
participants have completed this portion of the study. With limited new data coming in for these visits, any data
changes would have little impact on the QTL calculation throughout the remainder of the study.
7.1 Timing and Frequency of QTL Analysis
Initial timing of QTL analysis 16Sep2022
Frequency of QTL analysis With each KRI analysis; weekly in Apr/May2024 per",FALSE
C4891001,% of subjects with premature,"The proportion of subjects that discontinued the study
drug discontinuation (both treatment (both arms) prematurely (before completion
arms) of protocol-specified treatment).
Dataset and DS001_2 Enrollment",10,N/A,15%,"o Include subjects where o DS001 Disposition: Treatment ARV-471 (PF-07850327) and Treatment Fulvestrant; DSSTDTC_001 is not null and DSDECOD_001 is not in “Progressive Disease, Death, Global Deterioration of Health Status, Adverse Event” Comment, if applicable 8.1.2. QTL2","o Include subjects where o DS001_2 Enrolled subjects: DSSTDTC_001(Date of Completion/Discontinuation/Death) is not null and SUPPDS_DSENRGRP_001_2(Enrollment Group) contains ARM A or ARM B • Numerator: o Include subjects where o DS001 Disposition: Treatment ARV-471 (PF-07850327) and Treatment Fulvestrant; DSSTDTC_001 is not null and DSDECOD_001 is not in “Progressive Disease, Death, Global Deterioration of Health Status, Adverse Event” Comment, if applicable 8.1.2. QTL2",active,,,FALSE
C4891001,[Retired] #% of subjects with,"The proportion of subjects that discontinued the study
premature drug treatment (FULVESTRANT) prematurely (before
discontinuation (ARM B) completion of protocol-specified treatment).
Dataset and DS001_2 Enrollment",10,N/A,15%,"o Include subjects where o DS001_5_1 Disposition: Treatment Fulvestrant; DSSTDTC_001 is not null and DSDECOD_001 is not in “Progressive Disease, Death, Global Deterioration of Health Status, Adverse Event” Comment, if The QTL2 is combined with QTL1 as confirmed with study team, so QTL2 is retired in CMPV2.0. applicable 8.1.3. QTL3","o Include subjects where o DS001_2 Enrolled subjects: DSSTDTC_001 is not null and SUPPDS_DSENRGRP_001_2 (Enrollment Group) = ARM B • Numerator: o Include subjects where o DS001_5_1 Disposition: Treatment Fulvestrant; DSSTDTC_001 is not null and DSDECOD_001 is not in “Progressive Disease, Death, Global Deterioration of Health Status, Adverse Event” Comment, if The QTL2 is combined with QTL1 as confirmed with study team, so QTL2 is retired in CMPV2.0. applicable 8.1.3. QTL3",retired,,,FALSE
C4891001,% of patients who had,"Efficacy assessments should be done per protocol time
any missing points, with same equipment by same personnel, with
components of tumor qualified personnel reviewing results.
assessment evaluation


CDS01-RF02
Dataset and DS001_2 Enrollment",5,N/A,10%,"o # of patients who had any missing tumor assessment pages that should have been entered – including target/non-target/IOTA CRF pages. Include below situation: 1.In page TUTMM003_1: X_TRSTAT_TRALL_003(Were one or more target lesions assessed at this timepoint?) is NO or null. OR 2.In page TUTMM006_1: X_TRSTAT_TRALL_006 (Were one or more non-target lesions assessed at this timepoint?) is NO or null. OR 3. In page RSIOTA001, RSDTC_001(Date of Tumor Assessment) is null New added in CMP V4.0: 4. For subjects who discontinued treatment and were assessed as having progressive disease (PD) by the principal investigator (PI) and by BICR , tumor assessments conducted after PD and after treatment discontinuation are not required to be entered into InForm. If the patient discontinues the study treatment due to disease progression as per PI assessment but NOT as per BICR assessment, the site must enter in Inform as a minimum the DOV for future assessments that are submitted to the BICR after treat","o Include subjects where o DS001_2 Enrolled subjects: Enrollment Date not missing All randomized patients who had complete baseline assessments： 1.In TUTMM003 page: Y_TRDTC_003(Evaluation Date) not null OR 2. In TUTMM006 page: Y_TRDTC_006(Evaluation Date) not null • Numerator: o # of patients who had any missing tumor assessment pages that should have been entered – including target/non-target/IOTA CRF pages. Include below situation: 1.In page TUTMM003_1: X_TRSTAT_TRALL_003(Were one or more target lesions assessed at this timepoint?) is NO or null. OR 2.In page TUTMM006_1: X_TRSTAT_TRALL_006 (Were one or more non-target lesions assessed at this timepoint?) is NO or null. OR 3. In page RSIOTA001, RSDTC_001(Date of Tumor Assessment) is null New added in CMP V4.0: 4. For subjects who discontinued treatment and were assessed as having progressive disease (PD) by the principal investigator (PI) and by BICR , tumor assessments conducted after PD and after treatment discontinuation are not re",active,,,FALSE
C4891001,Not Meet the Protocol,"The percentage of patients entered into the study but do
Entry Criteria not meet one or more of the protocol entry criteria
(Inclusion and/or Exclusion violations).
Dataset and DS001_2 Enrollment",5,N/A,10%,"o Number of Subjects in both [KRI_PD_RATE] dataset with [PROTOCOL DEVIATION CATEGORY] equal to “1:INCLUSION/EXCLUSION” and in DS001_2 Enrollment who’s Randomization Date are not missing. Comment, if As the enrollment has been completed, this QTL will be retired in CMP V 4.0. applicable","o Include subjects where o DS001_2 Enrollment; Randomization Date not missing • Numerator: o Number of Subjects in both [KRI_PD_RATE] dataset with [PROTOCOL DEVIATION CATEGORY] equal to “1:INCLUSION/EXCLUSION” and in DS001_2 Enrollment who’s Randomization Date are not missing. Comment, if As the enrollment has been completed, this QTL will be retired in CMP V 4.0. applicable",active,,,FALSE
C4891002,% of subjects with premature drug discontinuation (both arms),"The proportion of subjects that discontinued the
with premature drug study treatment prematurely (before completion
discontinuation of protocol-specified treatment).
Dataset and DS001_5",10,N/A,15%,o Number of subjects with DS001_5 Disposition - Treatment page entered and Status not entered as COMPLETED/PROGRESSIVE DISEASE/GLOBAL DETERIORATION OF HEALTH STATUS/DEATH/ADVERSE EVENT; •,"o Number of subjects with DS001_5 Disposition – Treatment page entered Comment, if applicable * The other 2 QTLs listed in QTL Specification v1.0 (21-Jul-2023) are for Phase 3. They will be included in Central Monitoring Plan when Phase 3 begins.",active,,,FALSE
C4891026,The % of patients,"The percentage of patients entered in Phase 2 who does
entered in Phase 2 not satisfy the following requirements: (1) All baseline
who do not have an assessments must be within 28 days prior to and including
adequate baseline the date of first dose of study treatment. (2) All documented
tumor assessment and lesions must have non-missing assessments, (3) at least 1
do not meet eligibility measurable lesion must be documented at baseline, (4)
criteria for tumor lesion size at baseline must be adequate.
assessment at
baseline.
Dataset and DS001_2",5,10%,15%,"Include subjects where: • Enrollment [DS001_2]: Enrollment Group [SUPPDS_DSENRGRP_001_2] contains ‘PHASE 2’ • Baseline Tumors [TUTMM001]: Did this patient have any Target Lesions? [X_TUORRES_TRGEXM_TAR_001] = ‘NO’, if ‘YES’, check if baseline is completed. Did this patient have any non-Target lesions? [X_TUORRES_TRGEXM_NTAR_001] = ‘NO’, if ‘YES’, check if baseline is completed. • Target Lesions – Baseline [TUTMM003]: Disease Site [TULOC_003_1] is missing, Diameter [TRORRES_DIAMETER_003_1] is missing • Non-Target Lesions – Baseline [TUTMM006]: Disease Site [TULOC_006_1] is missing, Diameter [TRORRES_DIAMETER_006_1] is missing • Trigger Form [R_TRIG001]: Select appropriate response - Did subject meet all eligibility criteria? [R_TRIGRESP2_001] = ‘SUBJECT MET ALL ELIGIBILITY CRITERIA’","Include subjects where: • Enrollment [DS001_2]: Enrollment Group [SUPPDS_DSENRGRP_001_2] contains ‘PHASE 2’ Comment, if N/A applicable",active,,,FALSE
C5091017,Participants lost to,"Percentage of study participants who
follow-up at Day 28 Descriptive are lost
definition of the to follow-up by Day 28. Monitoring
QTL, typically will begin
‘Definition’ from after the first 60 participants
IQMP
Dataset and [DS001_3]",10,,20%,"Include subjects where: o In DS001_6 Disposition-follow-up, where Status DSDECOD_001_6 = LOST TO FOLLOW-UP’ or ‘WITHDRAWAL BY PARENT/GUARDIAN’ or ‘WITHDRAWAL BY SUBJECT’ and DS001_6.DSSTDTC_001_6 - DS001_3.DSSTDTC_001_3 <=28 days OR o In DS001_5 TREATMENT where Status DSDECOD_001_5 = LOST TO FOLLOW-UP’ or ‘WITHDRAWAL BY PARENT/GUARDIAN’ or ‘WITHDRAWAL BY SUBJECT’ and DS001_5.DSSTDTC_001_5 - DS001_3.DSSTDTC_001_3 <=28 days","o Include subjects where: o In DS001_3 where DSSTDTC_001 IS NOT NULL Comment, if DL-073907 Decision log updated to document that the QTL start will not be applicable amended from 60 to 75 (as per SOP) because the study has already recruited more than 300 participants and the QTL was already ran. The discrepancy between SOP and actual QTL start was identified after the QTL was already ran in CluePoints.",active,,,TRUE
